{"lat": 40.71, "lon": -74.01, "timezone": "America/New_York", "timezone_offset": -14400, "current": {"dt": 1591738726, "sunrise": 1591694685, "sunset": 1591748776, "temp": 304.78, "feels_like": 303.73, "pressure": 1012, "humidity": 38, "dew_point": 288.73, "uvi": 10.65, "clouds": 1, "visibility": 16093, "wind_speed": 4.1, "wind_deg": 260, "weather": [{"id": 800, "main": "Clear", "description": "clear sky", "icon": "01d"}]}, "minutely": [{"dt": 1591738740, "precipitation": 0}, {"dt": 1591738800, "precipitation": 0}, {"dt": 1591738860, "precipitation": 0}, {"dt": 1591738920, "precipitation": 0}, {"dt": 1591738980, "precipitation": 0}, {"dt": 1591739040, "precipitation": 0}, {"dt": 1591739100, "precipitation": 0}, {"dt": 1591739160, "precipitation": 0}, {"dt": 1591739220, "precipitation": 0}, {"dt": 1591739280, "precipitation": 0}, {"dt": 1591739340, "precipitation": 0}, {"dt": 1591739400, "precipitation": 0}, {"dt": 1591739460, "precipitation": 0}, {"dt": 1591739520, "precipitation": 0}, {"dt": 1591739580, "precipitation": 0}, {"dt": 1591739640, "precipitation": 0}, {"dt": 1591739700, "precipitation": 0}, {"dt": 1591739760, "precipitation": 0}, {"dt": 1591739820, "precipitation": 0}, {"dt": 1591739880, "precipitation": 0}, {"dt": 1591739940, "precipitation": 0}, {"dt": 1591740000, "precipitation": 0}, {"dt": 1591740060, "precipitation": 0}, {"dt": 1591740120, "precipitation": 0}, {"dt": 1591740180, "precipitation": 0}, {"dt": 1591740240, "precipitation": 0}, {"dt": 1591740300, "precipitation": 0}, {"dt": 1591740360, "precipitation": 0}, {"dt": 1591740420, "precipitation": 0}, {"dt": 1591740480, "precipitation": 0}, {"dt": 1591740540, "precipitation": 0}, {"dt": 1591740600, "precipitation": 0}, {"dt": 1591740660, "precipitation": 0}, {"dt": 1591740720, "precipitation": 0}, {"dt": 1591740780, "precipitation": 0}, {"dt": 1591740840, "precipitation": 0}, {"dt": 1591740900, "precipitation": 0}, {"dt": 1591740960, "precipitation": 0}, {"dt": 1591741020, "precipitation": 0}, {"dt": 1591741080, "precipitation": 0}, {"dt": 1591741140, "precipitation": 0}, {"dt": 1591741200, "precipitation": 0}, {"dt": 1591741260, "precipitation": 0}, {"dt": 1591741320, "precipitation": 0}, {"dt": 1591741380, "precipitation": 0}, {"dt": 1591741440, "precipitation": 0}, {"dt": 1591741500, "precipitation": 0}, {"dt": 1591741560, "precipitation": 0}, {"dt": 1591741620, "precipitation": 0}, {"dt": 1591741680, "precipitation": 0}, {"dt": 1591741740, "precipitation": 0}, {"dt": 1591741800, "precipitation": 0}, {"dt": 1591741860, "precipitation": 0}, {"dt": 1591741920, "precipitation": 0}, {"dt": 1591741980, "precipitation": 0}, {"dt": 1591742040, "precipitation": 0}, {"dt": 1591742100, "precipitation": 0}, {"dt": 1591742160, "precipitation": 0}, {"dt": 1591742220, "precipitation": 0}, {"dt": 1591742280, "precipitation": 0}, {"dt": 1591742340, "precipitation": 0}], "hourly": [{"dt": 1591736400, "temp": 304.78, "feels_like": 302.68, "pressure": 1012, "humidity": 38, "dew_point": 288.73, "clouds": 1, "wind_speed": 5.6, "wind_deg": 248, "weather": [{"id": 800, "main": "Clear", "description": "clear sky", "icon": "01d"}]}, {"dt": 1591740000, "temp": 304.25, "feels_like": 302.16, "pressure": 1012, "humidity": 38, "dew_point": 288.27, "clouds": 6, "wind_speed": 5.34, "wind_deg": 251, "weather": [{"id": 800, "main": "Clear", "description": "clear sky", "icon": "01d"}]}, {"dt": 1591743600, "temp": 303.34, "feels_like": 301.59, "pressure": 1012, "humidity": 42, "dew_point": 289.02, "clouds": 8, "wind_speed": 5.25, "wind_deg": 248, "weather": [{"id": 800, "main": "Clear", "description": "clear sky", "icon": "01d"}]}, {"dt": 1591747200, "temp": 302.05, "feels_like": 300.85, "pressure": 1013, "humidity": 47, "dew_point": 289.61, "clouds": 8, "wind_speed": 4.8, "wind_deg": 244, "weather": [{"id": 800, "main": "Clear", "description": "clear sky", "icon": "01d"}]}, {"dt": 1591750800, "temp": 300.82, "feels_like": 300.11, "pressure": 1013, "humidity": 53, "dew_point": 290.38, "clouds": 17, "wind_speed": 4.53, "wind_deg": 234, "weather": [{"id": 801, "main": "Clouds", "description": "few clouds", "icon": "02n"}]}, {"dt": 1591754400, "temp": 299.98, "feels_like": 299.31, "pressure": 1014, "humidity": 59, "dew_point": 291.4, "clouds": 13, "wind_speed": 5.03, "wind_deg": 226, "weather": [{"id": 801, "main": "Clouds", "description": "few clouds", "icon": "02n"}]}, {"dt": 1591758000, "temp": 298.92, "feels_like": 298.22, "pressure": 1014, "humidity": 63, "dew_point": 291.6, "clouds": 8, "wind_speed": 5.1, "wind_deg": 221, "weather": [{"id": 800, "main": "Clear", "description": "clear sky", "icon": "01n"}]}, {"dt": 1591761600, "temp": 298, "feels_like": 297.48, "pressure": 1014, "humidity": 65, "dew_point": 291.07, "clouds": 7, "wind_speed": 4.62, "wind_deg": 221, "weather": [{"id": 800, "main": "Clear", "description": "clear sky", "icon": "01n"}]}, {"dt": 1591765200, "temp": 297.33, "feels_like": 297.17, "pressure": 1015, "humidity": 68, "dew_point": 291.11, "clouds": 7, "wind_speed": 4.16, "wind_deg": 225, "weather": [{"id": 800, "main": "Clear", "description": "clear sky", "icon": "01n"}]}, {"dt": 1591768800, "temp": 296.85, "feels_like": 297.27, "pressure": 1015, "humidity": 71, "dew_point": 291.36, "clouds": 22, "wind_speed": 3.47, "wind_deg": 220, "weather": [{"id": 801, "main": "Clouds", "description": "few clouds", "icon": "02n"}]}, {"dt": 1591772400, "temp": 296.6, "feels_like": 297.34, "pressure": 1014, "humidity": 74, "dew_point": 291.7, "clouds": 100, "wind_speed": 3.27, "wind_deg": 230, "weather": [{"id": 804, "main": "Clouds", "description": "overcast clouds", "icon": "04n"}]}, {"dt": 1591776000, "temp": 296.31, "feels_like": 297.91, "pressure": 1014, "humidity": 76, "dew_point": 291.94, "clouds": 86, "wind_speed": 2.13, "wind_deg": 229, "weather": [{"id": 804, "main": "Clouds", "description": "overcast clouds", "icon": "04n"}]}, {"dt": 1591779600, "temp": 295.94, "feels_like": 297.88, "pressure": 1014, "humidity": 78, "dew_point": 292.1, "clouds": 84, "wind_speed": 1.69, "wind_deg": 216, "weather": [{"id": 803, "main": "Clouds", "description": "broken clouds", "icon": "04n"}]}, {"dt": 1591783200, "temp": 295.88, "feels_like": 298.13, "pressure": 1014, "humidity": 79, "dew_point": 292.14, "clouds": 88, "wind_speed": 1.33, "wind_deg": 200, "weather": [{"id": 804, "main": "Clouds", "description": "overcast clouds", "icon": "04d"}]}, {"dt": 1591786800, "temp": 296.36, "feels_like": 298.48, "pressure": 1015, "humidity": 77, "dew_point": 292.13, "clouds": 87, "wind_speed": 1.55, "wind_deg": 170, "weather": [{"id": 804, "main": "Clouds", "description": "overcast clouds", "icon": "04d"}]}, {"dt": 1591790400, "temp": 297.09, "feels_like": 298.96, "pressure": 1016, "humidity": 73, "dew_point": 292.09, "clouds": 89, "wind_speed": 1.81, "wind_deg": 170, "weather": [{"id": 804, "main": "Clouds", "description": "overcast clouds", "icon": "04d"}]}, {"dt": 1591794000, "temp": 298.09, "feels_like": 299.95, "pressure": 1016, "humidity": 69, "dew_point": 292.04, "clouds": 100, "wind_speed": 1.86, "wind_deg": 160, "weather": [{"id": 804, "main": "Clouds", "description": "overcast clouds", "icon": "04d"}]}, {"dt": 1591797600, "temp": 299.27, "feels_like": 300.73, "pressure": 1015, "humidity": 64, "dew_point": 292.01, "clouds": 100, "wind_speed": 2.38, "wind_deg": 161, "weather": [{"id": 804, "main": "Clouds", "description": "overcast clouds", "icon": "04d"}]}, {"dt": 1591801200, "temp": 300.36, "feels_like": 301.17, "pressure": 1015, "humidity": 60, "dew_point": 292.06, "clouds": 84, "wind_speed": 3.3, "wind_deg": 158, "weather": [{"id": 803, "main": "Clouds", "description": "broken clouds", "icon": "04d"}]}, {"dt": 1591804800, "temp": 301.11, "feels_like": 301.37, "pressure": 1015, "humidity": 59, "dew_point": 292.59, "clouds": 67, "wind_speed": 4.37, "wind_deg": 155, "weather": [{"id": 803, "main": "Clouds", "description": "broken clouds", "icon": "04d"}]}, {"dt": 1591808400, "temp": 301.29, "feels_like": 300.86, "pressure": 1015, "humidity": 60, "dew_point": 293, "clouds": 59, "wind_speed": 5.65, "wind_deg": 153, "weather": [{"id": 803, "main": "Clouds", "description": "broken clouds", "icon": "04d"}]}, {"dt": 1591812000, "temp": 301.31, "feels_like": 300.14, "pressure": 1015, "humidity": 60, "dew_point": 292.94, "clouds": 55, "wind_speed": 6.72, "wind_deg": 153, "weather": [{"id": 803, "main": "Clouds", "description": "broken clouds", "icon": "04d"}]}, {"dt": 1591815600, "temp": 301.09, "feels_like": 298.93, "pressure": 1014, "humidity": 58, "dew_point": 292.33, "clouds": 100, "wind_speed": 7.64, "wind_deg": 153, "weather": [{"id": 804, "main": "Clouds", "description": "overcast clouds", "icon": "04d"}]}, {"dt": 1591819200, "temp": 300.96, "feels_like": 298.04, "pressure": 1014, "humidity": 58, "dew_point": 292.12, "clouds": 100, "wind_speed": 8.64, "wind_deg": 161, "weather": [{"id": 804, "main": "Clouds", "description": "overcast clouds", "icon": "04d"}]}, {"dt": 1591822800, "temp": 300.94, "feels_like": 297.12, "pressure": 1014, "humidity": 55, "dew_point": 291.19, "clouds": 96, "wind_speed": 9.39, "wind_deg": 167, "weather": [{"id": 804, "main": "Clouds", "description": "overcast clouds", "icon": "04d"}]}, {"dt": 1591826400, "temp": 300.19, "feels_like": 296.47, "pressure": 1014, "humidity": 54, "dew_point": 290.23, "clouds": 96, "wind_speed": 8.67, "wind_deg": 170, "weather": [{"id": 804, "main": "Clouds", "description": "overcast clouds", "icon": "04d"}]}, {"dt": 1591830000, "temp": 299.47, "feels_like": 296.34, "pressure": 1014, "humidity": 58, "dew_point": 290.71, "clouds": 97, "wind_speed": 8.09, "wind_deg": 174, "weather": [{"id": 804, "main": "Clouds", "description": "overcast clouds", "icon": "04d"}]}, {"dt": 1591833600, "temp": 298.96, "feels_like": 296.65, "pressure": 1015, "humidity": 63, "dew_point": 291.52, "clouds": 97, "wind_speed": 7.43, "wind_deg": 180, "weather": [{"id": 804, "main": "Clouds", "description": "overcast clouds", "icon": "04d"}]}, {"dt": 1591837200, "temp": 298.12, "feels_like": 296.29, "pressure": 1015, "humidity": 68, "dew_point": 291.88, "clouds": 100, "wind_speed": 7.01, "wind_deg": 180, "weather": [{"id": 804, "main": "Clouds", "description": "overcast clouds", "icon": "04n"}]}, {"dt": 1591840800, "temp": 297.42, "feels_like": 295.88, "pressure": 1015, "humidity": 72, "dew_point": 292.15, "clouds": 100, "wind_speed": 6.75, "wind_deg": 180, "weather": [{"id": 804, "main": "Clouds", "description": "overcast clouds", "icon": "04n"}]}, {"dt": 1591844400, "temp": 296.87, "feels_like": 295.43, "pressure": 1015, "humidity": 75, "dew_point": 292.33, "clouds": 97, "wind_speed": 6.69, "wind_deg": 180, "weather": [{"id": 500, "main": "Rain", "description": "light rain", "icon": "10n"}], "rain": {"1h": 0.49}}, {"dt": 1591848000, "temp": 296.61, "feels_like": 295.68, "pressure": 1015, "humidity": 77, "dew_point": 292.51, "clouds": 97, "wind_speed": 6.07, "wind_deg": 185, "weather": [{"id": 501, "main": "Rain", "description": "moderate rain", "icon": "10n"}], "rain": {"1h": 1.29}}, {"dt": 1591851600, "temp": 296.68, "feels_like": 295.95, "pressure": 1015, "humidity": 78, "dew_point": 292.71, "clouds": 98, "wind_speed": 5.97, "wind_deg": 184, "weather": [{"id": 500, "main": "Rain", "description": "light rain", "icon": "10n"}], "rain": {"1h": 0.85}}, {"dt": 1591855200, "temp": 296.5, "feels_like": 295.62, "pressure": 1015, "humidity": 80, "dew_point": 292.91, "clouds": 98, "wind_speed": 6.34, "wind_deg": 186, "weather": [{"id": 804, "main": "Clouds", "description": "overcast clouds", "icon": "04n"}]}, {"dt": 1591858800, "temp": 296.37, "feels_like": 295.63, "pressure": 1014, "humidity": 81, "dew_point": 292.97, "clouds": 99, "wind_speed": 6.18, "wind_deg": 189, "weather": [{"id": 501, "main": "Rain", "description": "moderate rain", "icon": "10n"}], "rain": {"1h": 1.3}}, {"dt": 1591862400, "temp": 296.63, "feels_like": 296.02, "pressure": 1014, "humidity": 80, "dew_point": 293.16, "clouds": 99, "wind_speed": 6.03, "wind_deg": 195, "weather": [{"id": 501, "main": "Rain", "description": "moderate rain", "icon": "10n"}], "rain": {"1h": 1.15}}, {"dt": 1591866000, "temp": 296.23, "feels_like": 295.64, "pressure": 1014, "humidity": 83, "dew_point": 293.28, "clouds": 100, "wind_speed": 6.14, "wind_deg": 191, "weather": [{"id": 500, "main": "Rain", "description": "light rain", "icon": "10n"}], "rain": {"1h": 0.8}}, {"dt": 1591869600, "temp": 296.25, "feels_like": 295.53, "pressure": 1014, "humidity": 84, "dew_point": 293.44, "clouds": 100, "wind_speed": 6.48, "wind_deg": 197, "weather": [{"id": 501, "main": "Rain", "description": "moderate rain", "icon": "10d"}], "rain": {"1h": 1.12}}, {"dt": 1591873200, "temp": 296.13, "feels_like": 295.37, "pressure": 1014, "humidity": 85, "dew_point": 293.61, "clouds": 100, "wind_speed": 6.59, "wind_deg": 200, "weather": [{"id": 501, "main": "Rain", "description": "moderate rain", "icon": "10d"}], "rain": {"1h": 1.06}}, {"dt": 1591876800, "temp": 296.24, "feels_like": 295.49, "pressure": 1015, "humidity": 86, "dew_point": 293.8, "clouds": 100, "wind_speed": 6.77, "wind_deg": 202, "weather": [{"id": 500, "main": "Rain", "description": "light rain", "icon": "10d"}], "rain": {"1h": 0.6}}, {"dt": 1591880400, "temp": 296.85, "feels_like": 296.21, "pressure": 1015, "humidity": 83, "dew_point": 293.96, "clouds": 100, "wind_speed": 6.64, "wind_deg": 202, "weather": [{"id": 500, "main": "Rain", "description": "light rain", "icon": "10d"}], "rain": {"1h": 0.14}}, {"dt": 1591884000, "temp": 297.86, "feels_like": 296.98, "pressure": 1015, "humidity": 79, "dew_point": 294.14, "clouds": 100, "wind_speed": 7.11, "wind_deg": 205, "weather": [{"id": 500, "main": "Rain", "description": "light rain", "icon": "10d"}], "rain": {"1h": 0.45}}, {"dt": 1591887600, "temp": 297.62, "feels_like": 297.26, "pressure": 1015, "humidity": 82, "dew_point": 294.38, "clouds": 100, "wind_speed": 6.63, "wind_deg": 216, "weather": [{"id": 500, "main": "Rain", "description": "light rain", "icon": "10d"}], "rain": {"1h": 0.67}}, {"dt": 1591891200, "temp": 297.38, "feels_like": 297.81, "pressure": 1016, "humidity": 78, "dew_point": 293.38, "clouds": 100, "wind_speed": 4.77, "wind_deg": 235, "weather": [{"id": 500, "main": "Rain", "description": "light rain", "icon": "10d"}], "rain": {"1h": 0.95}}, {"dt": 1591894800, "temp": 298.16, "feels_like": 297.71, "pressure": 1016, "humidity": 68, "dew_point": 291.86, "clouds": 100, "wind_speed": 5.06, "wind_deg": 231, "weather": [{"id": 500, "main": "Rain", "description": "light rain", "icon": "10d"}], "rain": {"1h": 0.47}}, {"dt": 1591898400, "temp": 298.27, "feels_like": 297.27, "pressure": 1016, "humidity": 63, "dew_point": 290.75, "clouds": 100, "wind_speed": 5.16, "wind_deg": 216, "weather": [{"id": 500, "main": "Rain", "description": "light rain", "icon": "10d"}], "rain": {"1h": 0.33}}, {"dt": 1591902000, "temp": 299.26, "feels_like": 297.73, "pressure": 1016, "humidity": 57, "dew_point": 290.27, "clouds": 100, "wind_speed": 5.54, "wind_deg": 208, "weather": [{"id": 804, "main": "Clouds", "description": "overcast clouds", "icon": "04d"}]}, {"dt": 1591905600, "temp": 300.87, "feels_like": 298.94, "pressure": 1016, "humidity": 50, "dew_point": 289.67, "clouds": 99, "wind_speed": 5.78, "wind_deg": 212, "weather": [{"id": 804, "main": "Clouds", "description": "overcast clouds", "icon": "04d"}]}], "daily": [{"dt": 1591718400, "sunrise": 1591694685, "sunset": 1591748776, "temp": {"day": 304.78, "min": 300.19, "max": 304.78, "night": 300.19, "eve": 304.78, "morn": 304.78}, "feels_like": {"day": 302.68, "night": 299.44, "eve": 302.68, "morn": 302.68}, "pressure": 1012, "humidity": 38, "dew_point": 288.73, "wind_speed": 5.6, "wind_deg": 248, "weather": [{"id": 800, "main": "Clear", "description": "clear sky", "icon": "01d"}], "clouds": 1, "uvi": 10.65}, {"dt": 1591804800, "sunrise": 1591781076, "sunset": 1591835208, "temp": {"day": 300.36, "min": 296.01, "max": 301.31, "night": 296.87, "eve": 300.94, "morn": 296.01}, "feels_like": {"day": 301.17, "night": 295.43, "eve": 297.12, "morn": 297.98}, "pressure": 1015, "humidity": 60, "dew_point": 292.06, "wind_speed": 3.3, "wind_deg": 158, "weather": [{"id": 500, "main": "Rain", "description": "light rain", "icon": "10d"}], "clouds": 84, "rain": 0.48, "uvi": 10.02}, {"dt": 1591891200, "sunrise": 1591867470, "sunset": 1591921638, "temp": {"day": 297.62, "min": 296.23, "max": 300.82, "night": 297.2, "eve": 300.82, "morn": 296.23}, "feels_like": {"day": 297.26, "night": 296.69, "eve": 298.87, "morn": 295.64}, "pressure": 1015, "humidity": 82, "dew_point": 294.38, "wind_speed": 6.63, "wind_deg": 216, "weather": [{"id": 501, "main": "Rain", "description": "moderate rain", "icon": "10d"}], "clouds": 100, "rain": 9.03, "uvi": 10.7}, {"dt": 1591977600, "sunrise": 1591953865, "sunset": 1592008066, "temp": {"day": 299.61, "min": 294.88, "max": 302.21, "night": 295.86, "eve": 302.21, "morn": 294.88}, "feels_like": {"day": 298.14, "night": 293.52, "eve": 298.65, "morn": 295.16}, "pressure": 1018, "humidity": 35, "dew_point": 283.23, "wind_speed": 2.06, "wind_deg": 290, "weather": [{"id": 802, "main": "Clouds", "description": "scattered clouds", "icon": "03d"}], "clouds": 29, "uvi": 9.73}, {"dt": 1592064000, "sunrise": 1592040262, "sunset": 1592094493, "temp": {"day": 294.16, "min": 290.14, "max": 298.03, "night": 294.06, "eve": 298.03, "morn": 290.14}, "feels_like": {"day": 290.83, "night": 291.27, "eve": 294.73, "morn": 285.1}, "pressure": 1021, "humidity": 33, "dew_point": 277.48, "wind_speed": 2.91, "wind_deg": 320, "weather": [{"id": 801, "main": "Clouds", "description": "few clouds", "icon": "02d"}], "clouds": 14, "uvi": 8.52}, {"dt": 1592150400, "sunrise": 1592126661, "sunset": 1592180917, "temp": {"day": 294.97, "min": 291.42, "max": 295.85, "night": 292.13, "eve": 294.96, "morn": 291.54}, "feels_like": {"day": 293.17, "night": 290.77, "eve": 293.23, "morn": 288.21}, "pressure": 1024, "humidity": 50, "dew_point": 284.14, "wind_speed": 3.01, "wind_deg": 67, "weather": [{"id": 501, "main": "Rain", "description": "moderate rain", "icon": "10d"}], "clouds": 99, "rain": 4.65, "uvi": 8.04}, {"dt": 1592236800, "sunrise": 1592213062, "sunset": 1592267341, "temp": {"day": 292.15, "min": 291.01, "max": 293.93, "night": 292.08, "eve": 293.93, "morn": 291.04}, "feels_like": {"day": 289.74, "night": 290.43, "eve": 292.2, "morn": 289.14}, "pressure": 1025, "humidity": 72, "dew_point": 287.05, "wind_speed": 5.17, "wind_deg": 50, "weather": [{"id": 804, "main": "Clouds", "description": "overcast clouds", "icon": "04d"}], "clouds": 100, "uvi": 8.09}, {"dt": 1592323200, "sunrise": 1592299465, "sunset": 1592353762, "temp": {"day": 291.32, "min": 290.68, "max": 291.77, "night": 291.41, "eve": 291.75, "morn": 290.85}, "feels_like": {"day": 289.6, "night": 291.26, "eve": 290.53, "morn": 289.26}, "pressure": 1025, "humidity": 74, "dew_point": 286.68, "wind_speed": 4, "wind_deg": 63, "weather": [{"id": 500, "main": "Rain", "description": "light rain", "icon": "10d"}], "clouds": 100, "rain": 1.58, "uvi": 8.82}]}