COUNT,DATE
153,2012-01-01
209,2012-01-02
223,2012-01-03
225,2012-01-04
168,2012-01-05
351,2012-01-06
149,2012-01-07
151,2012-01-08
316,2012-01-09
171,2012-01-10
263,2012-01-11
216,2012-01-12
229,2012-01-13
403,2012-01-14
180,2012-01-15
158,2012-01-16
269,2012-01-17
183,2012-01-18
213,2012-01-19
241,2012-01-20
565,2012-01-21
210,2012-01-22
635,2012-01-23
297,2012-01-24
221,2012-01-25
195,2012-01-26
439,2012-01-27
115,2012-01-28
176,2012-01-29
770,2012-01-30
277,2012-01-31
244,2012-02-01
290,2012-02-02
350,2012-02-03
161,2012-02-04
144,2012-02-05
418,2012-02-06
160,2012-02-07
185,2012-02-08
233,2012-02-09
294,2012-02-10
215,2012-02-11
151,2012-02-12
182,2012-02-13
207,2012-02-14
176,2012-02-15
192,2012-02-16
369,2012-02-17
206,2012-02-18
141,2012-02-19
252,2012-02-20
339,2012-02-21
225,2012-02-22
214,2012-02-23
266,2012-02-24
229,2012-02-25
164,2012-02-26
250,2012-02-27
236,2012-02-28
170,2012-02-29
262,2012-03-01
468,2012-03-02
1562,2012-03-03
945,2012-03-04
767,2012-03-05
846,2012-03-06
583,2012-03-07
498,2012-03-08
491,2012-03-09
456,2012-03-10
370,2012-03-11
483,2012-03-12
493,2012-03-13
417,2012-03-14
479,2012-03-15
515,2012-03-16
287,2012-03-17
389,2012-03-18
435,2012-03-19
465,2012-03-20
379,2012-03-21
378,2012-03-22
405,2012-03-23
189,2012-03-24
404,2012-03-25
355,2012-03-26
363,2012-03-27
328,2012-03-28
347,2012-03-29
424,2012-03-30
376,2012-03-31
297,2012-04-01
328,2012-04-02
435,2012-04-03
436,2012-04-04
287,2012-04-05
252,2012-04-06
222,2012-04-07
181,2012-04-08
289,2012-04-09
337,2012-04-10
356,2012-04-11
333,2012-04-12
358,2012-04-13
156,2012-04-14
294,2012-04-15
468,2012-04-16
274,2012-04-17
327,2012-04-18
330,2012-04-19
339,2012-04-20
227,2012-04-21
370,2012-04-22
783,2012-04-23
423,2012-04-24
361,2012-04-25
284,2012-04-26
336,2012-04-27
203,2012-04-28
197,2012-04-29
291,2012-04-30
341,2012-05-01
400,2012-05-02
413,2012-05-03
505,2012-05-04
244,2012-05-05
451,2012-05-06
471,2012-05-07
368,2012-05-08
344,2012-05-09
321,2012-05-10
246,2012-05-11
186,2012-05-12
192,2012-05-13
3084,2012-05-14
5239,2012-05-15
2669,2012-05-16
3231,2012-05-17
3234,2012-05-18
1303,2012-05-19
1226,2012-05-20
1555,2012-05-21
1370,2012-05-22
1327,2012-05-23
1037,2012-05-24
997,2012-05-25
683,2012-05-26
583,2012-05-27
856,2012-05-28
920,2012-05-29
1252,2012-05-30
592,2012-05-31
438,2012-06-01
314,2012-06-02
228,2012-06-03
420,2012-06-04
329,2012-06-05
388,2012-06-06
377,2012-06-07
491,2012-06-08
230,2012-06-09
229,2012-06-10
384,2012-06-11
412,2012-06-12
367,2012-06-13
383,2012-06-14
375,2012-06-15
236,2012-06-16
274,2012-06-17
511,2012-06-18
343,2012-06-19
415,2012-06-20
345,2012-06-21
503,2012-06-22
1417,2012-06-23
445,2012-06-24
653,2012-06-25
779,2012-06-26
782,2012-06-27
729,2012-06-28
472,2012-06-29
424,2012-06-30
383,2012-07-01
543,2012-07-02
292,2012-07-03
267,2012-07-04
275,2012-07-05
285,2012-07-06
231,2012-07-07
296,2012-07-08
502,2012-07-09
777,2012-07-10
420,2012-07-11
799,2012-07-12
690,2012-07-13
571,2012-07-14
488,2012-07-15
953,2012-07-16
595,2012-07-17
515,2012-07-18
824,2012-07-19
618,2012-07-20
396,2012-07-21
391,2012-07-22
622,2012-07-23
503,2012-07-24
385,2012-07-25
477,2012-07-26
645,2012-07-27
577,2012-07-28
375,2012-07-29
737,2012-07-30
1420,2012-07-31
740,2012-08-01
1096,2012-08-02
388,2012-08-03
318,2012-08-04
477,2012-08-05
532,2012-08-06
341,2012-08-07
281,2012-08-08
503,2012-08-09
731,2012-08-10
640,2012-08-11
475,2012-08-12
836,2012-08-13
1305,2012-08-14
1068,2012-08-15
601,2012-08-16
553,2012-08-17
460,2012-08-18
355,2012-08-19
619,2012-08-20
579,2012-08-21
555,2012-08-22
586,2012-08-23
649,2012-08-24
291,2012-08-25
353,2012-08-26
569,2012-08-27
1253,2012-08-28
552,2012-08-29
520,2012-08-30
465,2012-08-31
311,2012-09-01
196,2012-09-02
403,2012-09-03
454,2012-09-04
432,2012-09-05
511,2012-09-06
358,2012-09-07
334,2012-09-08
389,2012-09-09
533,2012-09-10
571,2012-09-11
259,2012-09-12
376,2012-09-13
400,2012-09-14
201,2012-09-15
378,2012-09-16
384,2012-09-17
318,2012-09-18
274,2012-09-19
367,2012-09-20
605,2012-09-21
370,2012-09-22
326,2012-09-23
602,2012-09-24
462,2012-09-25
437,2012-09-26
430,2012-09-27
1111,2012-09-28
362,2012-09-29
257,2012-09-30
396,2012-10-01
389,2012-10-02
600,2012-10-03
663,2012-10-04
352,2012-10-05
287,2012-10-06
314,2012-10-07
360,2012-10-08
239,2012-10-09
329,2012-10-10
425,2012-10-11
473,2012-10-12
282,2012-10-13
268,2012-10-14
469,2012-10-15
398,2012-10-16
285,2012-10-17
382,2012-10-18
466,2012-10-19
241,2012-10-20
258,2012-10-21
367,2012-10-22
358,2012-10-23
404,2012-10-24
395,2012-10-25
538,2012-10-26
496,2012-10-27
1586,2012-10-28
609,2012-10-29
518,2012-10-30
642,2012-10-31
530,2012-11-01
529,2012-11-02
374,2012-11-03
1308,2012-11-04
548,2012-11-05
492,2012-11-06
405,2012-11-07
358,2012-11-08
426,2012-11-09
372,2012-11-10
246,2012-11-11
333,2012-11-12
485,2012-11-13
484,2012-11-14
1685,2012-11-15
922,2012-11-16
430,2012-11-17
587,2012-11-18
326,2012-11-19
369,2012-11-20
632,2012-11-21
292,2012-11-22
287,2012-11-23
335,2012-11-24
215,2012-11-25
482,2012-11-26
342,2012-11-27
530,2012-11-28
397,2012-11-29
447,2012-11-30
316,2012-12-01
337,2012-12-02
1213,2012-12-03
536,2012-12-04
400,2012-12-05
463,2012-12-06
408,2012-12-07
301,2012-12-08
348,2012-12-09
600,2012-12-10
463,2012-12-11
434,2012-12-12
442,2012-12-13
489,2012-12-14
313,2012-12-15
386,2012-12-16
464,2012-12-17
495,2012-12-18
799,2012-12-19
786,2012-12-20
914,2012-12-21
3566,2012-12-22
966,2012-12-23
773,2012-12-24
580,2012-12-25
815,2012-12-26
818,2012-12-27
729,2012-12-28
835,2012-12-29
722,2012-12-30
535,2012-12-31
450,2013-01-01
528,2013-01-02
624,2013-01-03
571,2013-01-04
337,2013-01-05
331,2013-01-06
705,2013-01-07
543,2013-01-08
501,2013-01-09
388,2013-01-10
444,2013-01-11
475,2013-01-12
358,2013-01-13
432,2013-01-14
551,2013-01-15
922,2013-01-16
597,2013-01-17
540,2013-01-18
405,2013-01-19
471,2013-01-20
576,2013-01-21
434,2013-01-22
491,2013-01-23
481,2013-01-24
462,2013-01-25
293,2013-01-26
361,2013-01-27
547,2013-01-28
438,2013-01-29
456,2013-01-30
348,2013-01-31
447,2013-02-01
231,2013-02-02
669,2013-02-03
455,2013-02-04
494,2013-02-05
397,2013-02-06
597,2013-02-07
957,2013-02-08
361,2013-02-09
443,2013-02-10
588,2013-02-11
349,2013-02-12
333,2013-02-13
430,2013-02-14
410,2013-02-15
401,2013-02-16
408,2013-02-17
452,2013-02-18
528,2013-02-19
463,2013-02-20
734,2013-02-21
828,2013-02-22
455,2013-02-23
556,2013-02-24
553,2013-02-25
559,2013-02-26
549,2013-02-27
452,2013-02-28
492,2013-03-01
694,2013-03-02
519,2013-03-03
548,2013-03-04
686,2013-03-05
657,2013-03-06
967,2013-03-07
776,2013-03-08
481,2013-03-09
544,2013-03-10
557,2013-03-11
533,2013-03-12
592,2013-03-13
473,2013-03-14
535,2013-03-15
409,2013-03-16
570,2013-03-17
626,2013-03-18
699,2013-03-19
430,2013-03-20
618,2013-03-21
564,2013-03-22
440,2013-03-23
561,2013-03-24
749,2013-03-25
534,2013-03-26
379,2013-03-27
443,2013-03-28
318,2013-03-29
238,2013-03-30
264,2013-03-31
509,2013-04-01
478,2013-04-02
372,2013-04-03
355,2013-04-04
477,2013-04-05
482,2013-04-06
327,2013-04-07
770,2013-04-08
769,2013-04-09
607,2013-04-10
762,2013-04-11
700,2013-04-12
436,2013-04-13
624,2013-04-14
641,2013-04-15
448,2013-04-16
581,2013-04-17
993,2013-04-18
886,2013-04-19
1381,2013-04-20
1905,2013-04-21
1207,2013-04-22
899,2013-04-23
538,2013-04-24
774,2013-04-25
1198,2013-04-26
519,2013-04-27
365,2013-04-28
576,2013-04-29
397,2013-04-30
518,2013-05-01
854,2013-05-02
711,2013-05-03
500,2013-05-04
543,2013-05-05
417,2013-05-06
394,2013-05-07
675,2013-05-08
1178,2013-05-09
721,2013-05-10
459,2013-05-11
399,2013-05-12
625,2013-05-13
562,2013-05-14
557,2013-05-15
540,2013-05-16
727,2013-05-17
547,2013-05-18
603,2013-05-19
2251,2013-05-20
1261,2013-05-21
879,2013-05-22
1059,2013-05-23
1009,2013-05-24
617,2013-05-25
278,2013-05-26
484,2013-05-27
755,2013-05-28
886,2013-05-29
790,2013-05-30
917,2013-05-31
530,2013-06-01
774,2013-06-02
954,2013-06-03
682,2013-06-04
530,2013-06-05
767,2013-06-06
1143,2013-06-07
656,2013-06-08
656,2013-06-09
1222,2013-06-10
845,2013-06-11
687,2013-06-12
909,2013-06-13
863,2013-06-14
582,2013-06-15
536,2013-06-16
816,2013-06-17
1572,2013-06-18
1179,2013-06-19
851,2013-06-20
727,2013-06-21
792,2013-06-22
926,2013-06-23
1839,2013-06-24
1592,2013-06-25
1211,2013-06-26
1130,2013-06-27
1512,2013-06-28
1358,2013-06-29
973,2013-06-30
918,2013-07-01
841,2013-07-02
761,2013-07-03
675,2013-07-04
492,2013-07-05
1017,2013-07-06
2031,2013-07-07
1396,2013-07-08
1779,2013-07-09
889,2013-07-10
1067,2013-07-11
814,2013-07-12
522,2013-07-13
440,2013-07-14
689,2013-07-15
816,2013-07-16
795,2013-07-17
647,2013-07-18
837,2013-07-19
598,2013-07-20
1130,2013-07-21
1037,2013-07-22
826,2013-07-23
780,2013-07-24
630,2013-07-25
783,2013-07-26
431,2013-07-27
481,2013-07-28
978,2013-07-29
798,2013-07-30
697,2013-07-31
757,2013-08-01
888,2013-08-02
609,2013-08-03
673,2013-08-04
821,2013-08-05
956,2013-08-06
812,2013-08-07
876,2013-08-08
941,2013-08-09
862,2013-08-10
769,2013-08-11
945,2013-08-12
865,2013-08-13
763,2013-08-14
673,2013-08-15
705,2013-08-16
807,2013-08-17
698,2013-08-18
870,2013-08-19
652,2013-08-20
668,2013-08-21
776,2013-08-22
1062,2013-08-23
682,2013-08-24
606,2013-08-25
684,2013-08-26
569,2013-08-27
685,2013-08-28
970,2013-08-29
898,2013-08-30
697,2013-08-31
430,2013-09-01
607,2013-09-02
1557,2013-09-03
1058,2013-09-04
793,2013-09-05
840,2013-09-06
629,2013-09-07
499,2013-09-08
669,2013-09-09
824,2013-09-10
1045,2013-09-11
1016,2013-09-12
2001,2013-09-13
775,2013-09-14
690,2013-09-15
742,2013-09-16
660,2013-09-17
557,2013-09-18
908,2013-09-19
1311,2013-09-20
1039,2013-09-21
904,2013-09-22
1099,2013-09-23
984,2013-09-24
768,2013-09-25
1070,2013-09-26
1178,2013-09-27
594,2013-09-28
709,2013-09-29
929,2013-09-30
643,2013-10-01
3602,2013-10-02
1539,2013-10-03
1321,2013-10-04
717,2013-10-05
765,2013-10-06
1316,2013-10-07
1252,2013-10-08
955,2013-10-09
885,2013-10-10
1088,2013-10-11
764,2013-10-12
684,2013-10-13
1443,2013-10-14
1650,2013-10-15
779,2013-10-16
880,2013-10-17
1219,2013-10-18
809,2013-10-19
807,2013-10-20
1615,2013-10-21
1555,2013-10-22
847,2013-10-23
1077,2013-10-24
896,2013-10-25
840,2013-10-26
648,2013-10-27
2054,2013-10-28
668,2013-10-29
769,2013-10-30
978,2013-10-31
2084,2013-11-01
1110,2013-11-02
908,2013-11-03
958,2013-11-04
743,2013-11-05
1010,2013-11-06
1285,2013-11-07
1053,2013-11-08
939,2013-11-09
736,2013-11-10
929,2013-11-11
835,2013-11-12
757,2013-11-13
1026,2013-11-14
897,2013-11-15
1220,2013-11-16
951,2013-11-17
1010,2013-11-18
997,2013-11-19
679,2013-11-20
868,2013-11-21
1249,2013-11-22
1256,2013-11-23
963,2013-11-24
880,2013-11-25
1092,2013-11-26
1149,2013-11-27
746,2013-11-28
627,2013-11-29
715,2013-11-30
846,2013-12-01
1153,2013-12-02
926,2013-12-03
950,2013-12-04
976,2013-12-05
1484,2013-12-06
2322,2013-12-07
1424,2013-12-08
2233,2013-12-09
1833,2013-12-10
1323,2013-12-11
1284,2013-12-12
1831,2013-12-13
1332,2013-12-14
1153,2013-12-15
1236,2013-12-16
1354,2013-12-17
1291,2013-12-18
1303,2013-12-19
1578,2013-12-20
2047,2013-12-21
2188,2013-12-22
2188,2013-12-23
1724,2013-12-24
927,2013-12-25
1446,2013-12-26
1425,2013-12-27
1548,2013-12-28
1455,2013-12-29
2045,2013-12-30
2658,2013-12-31
1131,2014-01-01
1962,2014-01-02
2042,2014-01-03
3069,2014-01-04
5666,2014-01-05
3548,2014-01-06
2079,2014-01-07
1639,2014-01-08
1630,2014-01-09
1334,2014-01-10
1077,2014-01-11
1214,2014-01-12
858,2014-01-13
752,2014-01-14
756,2014-01-15
1168,2014-01-16
931,2014-01-17
766,2014-01-18
610,2014-01-19
829,2014-01-20
927,2014-01-21
1154,2014-01-22
1068,2014-01-23
1084,2014-01-24
1005,2014-01-25
1278,2014-01-26
1173,2014-01-27
1146,2014-01-28
1182,2014-01-29
847,2014-01-30
1013,2014-01-31
1158,2014-02-01
1459,2014-02-02
1469,2014-02-03
1644,2014-02-04
1359,2014-02-05
1241,2014-02-06
1217,2014-02-07
1622,2014-02-08
898,2014-02-09
1460,2014-02-10
994,2014-02-11
1341,2014-02-12
2862,2014-02-13
2009,2014-02-14
1487,2014-02-15
1254,2014-02-16
1280,2014-02-17
1961,2014-02-18
1066,2014-02-19
1025,2014-02-20
1793,2014-02-21
1421,2014-02-22
1483,2014-02-23
1279,2014-02-24
1053,2014-02-25
1161,2014-02-26
1172,2014-02-27
1429,2014-02-28
1187,2014-03-01
1311,2014-03-02
1725,2014-03-03
1458,2014-03-04
1165,2014-03-05
1351,2014-03-06
1091,2014-03-07
1104,2014-03-08
1100,2014-03-09
1136,2014-03-10
749,2014-03-11
1201,2014-03-12
1534,2014-03-13
1273,2014-03-14
1015,2014-03-15
1231,2014-03-16
1274,2014-03-17
1134,2014-03-18
933,2014-03-19
1089,2014-03-20
913,2014-03-21
966,2014-03-22
889,2014-03-23
915,2014-03-24
848,2014-03-25
910,2014-03-26
1060,2014-03-27
1217,2014-03-28
1116,2014-03-29
1297,2014-03-30
1270,2014-03-31
1167,2014-04-01
1125,2014-04-02
990,2014-04-03
1099,2014-04-04
1011,2014-04-05
842,2014-04-06
1059,2014-04-07
1161,2014-04-08
1361,2014-04-09
1167,2014-04-10
1165,2014-04-11
750,2014-04-12
714,2014-04-13
1426,2014-04-14
1335,2014-04-15
1149,2014-04-16
1754,2014-04-17
1723,2014-04-18
749,2014-04-19
878,2014-04-20
984,2014-04-21
982,2014-04-22
856,2014-04-23
1060,2014-04-24
1144,2014-04-25
799,2014-04-26
762,2014-04-27
1353,2014-04-28
1056,2014-04-29
1070,2014-04-30
1184,2014-05-01
1190,2014-05-02
636,2014-05-03
979,2014-05-04
978,2014-05-05
815,2014-05-06
1022,2014-05-07
1250,2014-05-08
1409,2014-05-09
2022,2014-05-10
1200,2014-05-11
1598,2014-05-12
2094,2014-05-13
1817,2014-05-14
2189,2014-05-15
2274,2014-05-16
1152,2014-05-17
952,2014-05-18
1748,2014-05-19
953,2014-05-20
1273,2014-05-21
1311,2014-05-22
4193,2014-05-23
2149,2014-05-24
891,2014-05-25
888,2014-05-26
1317,2014-05-27
1650,2014-05-28
1137,2014-05-29
1009,2014-05-30
944,2014-05-31
814,2014-06-01
1145,2014-06-02
993,2014-06-03
1847,2014-06-04
1247,2014-06-05
1399,2014-06-06
1673,2014-06-07
1096,2014-06-08
1702,2014-06-09
2651,2014-06-10
1813,2014-06-11
1794,2014-06-12
1866,2014-06-13
1426,2014-06-14
1232,2014-06-15
1414,2014-06-16
4859,2014-06-17
2575,2014-06-18
2169,2014-06-19
1908,2014-06-20
1620,2014-06-21
1198,2014-06-22
1396,2014-06-23
5145,2014-06-24
2166,2014-06-25
1690,2014-06-26
1529,2014-06-27
1208,2014-06-28
1100,2014-06-29
1963,2014-06-30
1521,2014-07-01
1555,2014-07-02
2220,2014-07-03
2533,2014-07-04
798,2014-07-05
1075,2014-07-06
1376,2014-07-07
1420,2014-07-08
1446,2014-07-09
1853,2014-07-10
1524,2014-07-11
1163,2014-07-12
1043,2014-07-13
1595,2014-07-14
1570,2014-07-15
1372,2014-07-16
1249,2014-07-17
1375,2014-07-18
991,2014-07-19
1097,2014-07-20
998,2014-07-21
2158,2014-07-22
1223,2014-07-23
1472,2014-07-24
1168,2014-07-25
980,2014-07-26
904,2014-07-27
1202,2014-07-28
1161,2014-07-29
1271,2014-07-30
1705,2014-07-31
1605,2014-08-01
1361,2014-08-02
1218,2014-08-03
1342,2014-08-04
1436,2014-08-05
1358,2014-08-06
1511,2014-08-07
1466,2014-08-08
1056,2014-08-09
1179,2014-08-10
1517,2014-08-11
2393,2014-08-12
1269,2014-08-13
1294,2014-08-14
1146,2014-08-15
934,2014-08-16
986,2014-08-17
1134,2014-08-18
1249,2014-08-19
1492,2014-08-20
1647,2014-08-21
1367,2014-08-22
961,2014-08-23
813,2014-08-24
1387,2014-08-25
2113,2014-08-26
1331,2014-08-27
1309,2014-08-28
1342,2014-08-29
3556,2014-08-30
664,2014-08-31
1807,2014-09-01
1255,2014-09-02
1089,2014-09-03
1562,2014-09-04
1013,2014-09-05
1014,2014-09-06
1044,2014-09-07
1427,2014-09-08
852,2014-09-09
841,2014-09-10
1368,2014-09-11
1127,2014-09-12
1023,2014-09-13
750,2014-09-14
969,2014-09-15
986,2014-09-16
857,2014-09-17
1156,2014-09-18
1303,2014-09-19
924,2014-09-20
914,2014-09-21
1564,2014-09-22
1151,2014-09-23
944,2014-09-24
1010,2014-09-25
1656,2014-09-26
978,2014-09-27
1314,2014-09-28
1398,2014-09-29
1527,2014-09-30
1675,2014-10-01
1970,2014-10-02
2307,2014-10-03
1870,2014-10-04
1083,2014-10-05
1912,2014-10-06
2091,2014-10-07
1473,2014-10-08
1739,2014-10-09
1822,2014-10-10
1466,2014-10-11
1186,2014-10-12
1938,2014-10-13
1689,2014-10-14
1672,2014-10-15
1247,2014-10-16
1454,2014-10-17
818,2014-10-18
842,2014-10-19
1295,2014-10-20
890,2014-10-21
866,2014-10-22
1021,2014-10-23
1128,2014-10-24
831,2014-10-25
847,2014-10-26
1358,2014-10-27
1062,2014-10-28
750,2014-10-29
970,2014-10-30
1234,2014-10-31
952,2014-11-01
739,2014-11-02
983,2014-11-03
822,2014-11-04
898,2014-11-05
881,2014-11-06
1066,2014-11-07
753,2014-11-08
711,2014-11-09
912,2014-11-10
870,2014-11-11
948,2014-11-12
1277,2014-11-13
1033,2014-11-14
945,2014-11-15
1232,2014-11-16
1676,2014-11-17
1277,2014-11-18
1002,2014-11-19
1058,2014-11-20
1127,2014-11-21
905,2014-11-22
1234,2014-11-23
1390,2014-11-24
959,2014-11-25
1452,2014-11-26
867,2014-11-27
569,2014-11-28
948,2014-11-29
2272,2014-11-30
2978,2014-12-01
1567,2014-12-02
1095,2014-12-03
2193,2014-12-04
1149,2014-12-05
1341,2014-12-06
1228,2014-12-07
1128,2014-12-08
972,2014-12-09
1100,2014-12-10
1056,2014-12-11
1114,2014-12-12
756,2014-12-13
874,2014-12-14
954,2014-12-15
1188,2014-12-16
1153,2014-12-17
1112,2014-12-18
1132,2014-12-19
1393,2014-12-20
1759,2014-12-21
1628,2014-12-22
1664,2014-12-23
1920,2014-12-24
1027,2014-12-25
1035,2014-12-26
1177,2014-12-27
3155,2014-12-28
3455,2014-12-29
2910,2014-12-30
4069,2014-12-31
2702,2015-01-01
1709,2015-01-02
2056,2015-01-03
1859,2015-01-04
1825,2015-01-05
1970,2015-01-06
1543,2015-01-07
1804,2015-01-08
1645,2015-01-09
1378,2015-01-10
1086,2015-01-11
1081,2015-01-12
1094,2015-01-13
1117,2015-01-14
1340,2015-01-15
1294,2015-01-16
882,2015-01-17
731,2015-01-18
930,2015-01-19
1205,2015-01-20
1127,2015-01-21
1162,2015-01-22
952,2015-01-23
686,2015-01-24
764,2015-01-25
3721,2015-01-26
1259,2015-01-27
1211,2015-01-28
1199,2015-01-29
933,2015-01-30
1170,2015-01-31
1132,2015-02-01
1496,2015-02-02
1254,2015-02-03
893,2015-02-04
1146,2015-02-05
1558,2015-02-06
1532,2015-02-07
1020,2015-02-08
1136,2015-02-09
869,2015-02-10
1168,2015-02-11
1935,2015-02-12
1225,2015-02-13
1038,2015-02-14
1107,2015-02-15
1272,2015-02-16
1257,2015-02-17
991,2015-02-18
985,2015-02-19
1344,2015-02-20
1177,2015-02-21
1651,2015-02-22
1401,2015-02-23
1400,2015-02-24
1413,2015-02-25
1977,2015-02-26
1729,2015-02-27
1047,2015-02-28
1195,2015-03-01
2042,2015-03-02
1448,2015-03-03
1221,2015-03-04
1605,2015-03-05
1698,2015-03-06
1293,2015-03-07
1211,2015-03-08
1089,2015-03-09
1809,2015-03-10
2590,2015-03-11
1728,2015-03-12
1100,2015-03-13
1035,2015-03-14
1372,2015-03-15
1246,2015-03-16
2246,2015-03-17
1566,2015-03-18
987,2015-03-19
1131,2015-03-20
1105,2015-03-21
971,2015-03-22
1450,2015-03-23
1374,2015-03-24
1219,2015-03-25
1515,2015-03-26
1724,2015-03-27
1480,2015-03-28
946,2015-03-29
1071,2015-03-30
996,2015-03-31
1001,2015-04-01
1439,2015-04-02
978,2015-04-03
755,2015-04-04
695,2015-04-05
1231,2015-04-06
979,2015-04-07
1169,2015-04-08
1701,2015-04-09
1351,2015-04-10
986,2015-04-11
1030,2015-04-12
1825,2015-04-13
1379,2015-04-14
1059,2015-04-15
1324,2015-04-16
1918,2015-04-17
1357,2015-04-18
1522,2015-04-19
1761,2015-04-20
1229,2015-04-21
913,2015-04-22
3360,2015-04-23
1186,2015-04-24
943,2015-04-25
1208,2015-04-26
1203,2015-04-27
1084,2015-04-28
890,2015-04-29
1048,2015-04-30
1311,2015-05-01
915,2015-05-02
821,2015-05-03
990,2015-05-04
863,2015-05-05
1224,2015-05-06
851,2015-05-07
1062,2015-05-08
963,2015-05-09
930,2015-05-10
3655,2015-05-11
2205,2015-05-12
1284,2015-05-13
1435,2015-05-14
1754,2015-05-15
999,2015-05-16
1047,2015-05-17
1458,2015-05-18
1523,2015-05-19
1423,2015-05-20
1334,2015-05-21
1189,2015-05-22
1120,2015-05-23
909,2015-05-24
949,2015-05-25
1294,2015-05-26
2490,2015-05-27
3200,2015-05-28
2375,2015-05-29
12528,2015-05-30
10174,2015-05-31
5934,2015-06-01
3032,2015-06-02
2504,2015-06-03
2171,2015-06-04
1748,2015-06-05
1320,2015-06-06
1040,2015-06-07
1903,2015-06-08
6001,2015-06-09
1312,2015-06-10
1182,2015-06-11
2265,2015-06-12
1474,2015-06-13
1779,2015-06-14
2175,2015-06-15
3354,2015-06-16
2473,2015-06-17
1960,2015-06-18
1804,2015-06-19
1501,2015-06-20
1686,2015-06-21
1768,2015-06-22
1447,2015-06-23
1448,2015-06-24
1924,2015-06-25
1466,2015-06-26
1095,2015-06-27
1188,2015-06-28
1389,2015-06-29
1837,2015-06-30
2021,2015-07-01
1468,2015-07-02
1814,2015-07-03
797,2015-07-04
928,2015-07-05
1191,2015-07-06
2475,2015-07-07
17012,2015-07-08
3577,2015-07-09
1688,2015-07-10
977,2015-07-11
981,2015-07-12
1539,2015-07-13
1151,2015-07-14
1439,2015-07-15
1707,2015-07-16
1684,2015-07-17
1304,2015-07-18
1443,2015-07-19
1198,2015-07-20
969,2015-07-21
2091,2015-07-22
1322,2015-07-23
1054,2015-07-24
929,2015-07-25
851,2015-07-26
1026,2015-07-27
831,2015-07-28
1263,2015-07-29
6208,2015-07-30
4018,2015-07-31
1868,2015-08-01
1492,2015-08-02
2694,2015-08-03
2491,2015-08-04
1809,2015-08-05
1394,2015-08-06
1469,2015-08-07
1042,2015-08-08
7538,2015-08-09
936,2015-08-10
1296,2015-08-11
1132,2015-08-12
1026,2015-08-13
982,2015-08-14
923,2015-08-15
1607,2015-08-16
1667,2015-08-17
1225,2015-08-18
1212,2015-08-19
1759,2015-08-20
1999,2015-08-21
1366,2015-08-22
1049,2015-08-23
1043,2015-08-24
1057,2015-08-25
823,2015-08-26
749,2015-08-27
1245,2015-08-28
643,2015-08-29
688,2015-08-30
1012,2015-08-31
821,2015-09-01
885,2015-09-02
980,2015-09-03
1228,2015-09-04
864,2015-09-05
504,2015-09-06
898,2015-09-07
2410,2015-09-08
1876,2015-09-09
1376,2015-09-10
1807,2015-09-11
868,2015-09-12
670,2015-09-13
985,2015-09-14
994,2015-09-15
986,2015-09-16
901,2015-09-17
1110,2015-09-18
974,2015-09-19
652,2015-09-20
835,2015-09-21
824,2015-09-22
1040,2015-09-23
1038,2015-09-24
1339,2015-09-25
1125,2015-09-26
1098,2015-09-27
1308,2015-09-28
896,2015-09-29
821,2015-09-30
1591,2015-10-01
1374,2015-10-02
967,2015-10-03
1005,2015-10-04
1240,2015-10-05
1023,2015-10-06
1196,2015-10-07
1340,2015-10-08
1126,2015-10-09
1246,2015-10-10
946,2015-10-11
777,2015-10-12
849,2015-10-13
773,2015-10-14
1123,2015-10-15
1167,2015-10-16
938,2015-10-17
823,2015-10-18
1196,2015-10-19
984,2015-10-20
855,2015-10-21
911,2015-10-22
888,2015-10-23
783,2015-10-24
873,2015-10-25
1297,2015-10-26
1119,2015-10-27
988,2015-10-28
890,2015-10-29
1343,2015-10-30
1571,2015-10-31
954,2015-11-01
1335,2015-11-02
753,2015-11-03
763,2015-11-04
1058,2015-11-05
1118,2015-11-06
888,2015-11-07
992,2015-11-08
1167,2015-11-09
907,2015-11-10
949,2015-11-11
918,2015-11-12
958,2015-11-13
550,2015-11-14
699,2015-11-15
839,2015-11-16
1212,2015-11-17
1086,2015-11-18
1653,2015-11-19
2765,2015-11-20
1634,2015-11-21
1414,2015-11-22
1359,2015-11-23
858,2015-11-24
916,2015-11-25
849,2015-11-26
669,2015-11-27
785,2015-11-28
1227,2015-11-29
1044,2015-11-30
890,2015-12-01
982,2015-12-02
787,2015-12-03
738,2015-12-04
960,2015-12-05
539,2015-12-06
787,2015-12-07
788,2015-12-08
1052,2015-12-09
1247,2015-12-10
1295,2015-12-11
899,2015-12-12
823,2015-12-13
1026,2015-12-14
1239,2015-12-15
996,2015-12-16
965,2015-12-17
1166,2015-12-18
1503,2015-12-19
967,2015-12-20
1786,2015-12-21
2105,2015-12-22
2050,2015-12-23
1355,2015-12-24
804,2015-12-25
1115,2015-12-26
1341,2015-12-27
4022,2015-12-28
5584,2015-12-29
3390,2015-12-30
2038,2015-12-31
1235,2016-01-01
1248,2016-01-02
1762,2016-01-03
1497,2016-01-04
1419,2016-01-05
1099,2016-01-06
929,2016-01-07
993,2016-01-08
1034,2016-01-09
1023,2016-01-10
2519,2016-01-11
1631,2016-01-12
1202,2016-01-13
972,2016-01-14
1089,2016-01-15
790,2016-01-16
602,2016-01-17
930,2016-01-18
835,2016-01-19
1037,2016-01-20
1831,2016-01-21
3088,2016-01-22
2056,2016-01-23
2389,2016-01-24
1645,2016-01-25
1273,2016-01-26
1146,2016-01-27
1084,2016-01-28
1144,2016-01-29
680,2016-01-30
1091,2016-01-31
1253,2016-02-01
1058,2016-02-02
1348,2016-02-03
889,2016-02-04
884,2016-02-05
614,2016-02-06
507,2016-02-07
1057,2016-02-08
856,2016-02-09
708,2016-02-10
741,2016-02-11
929,2016-02-12
812,2016-02-13
871,2016-02-14
1187,2016-02-15
1493,2016-02-16
1056,2016-02-17
1197,2016-02-18
1118,2016-02-19
1101,2016-02-20
807,2016-02-21
1216,2016-02-22
952,2016-02-23
1030,2016-02-24
1823,2016-02-25
1483,2016-02-26
823,2016-02-27
647,2016-02-28
901,2016-02-29
1229,2016-03-01
1076,2016-03-02
928,2016-03-03
971,2016-03-04
858,2016-03-05
797,2016-03-06
1605,2016-03-07
1675,2016-03-08
1252,2016-03-09
1495,2016-03-10
1592,2016-03-11
1521,2016-03-12
1235,2016-03-13
1685,2016-03-14
1240,2016-03-15
974,2016-03-16
1174,2016-03-17
1211,2016-03-18
1110,2016-03-19
1366,2016-03-20
1400,2016-03-21
1530,2016-03-22
1339,2016-03-23
1293,2016-03-24
1243,2016-03-25
1746,2016-03-26
1404,2016-03-27
1268,2016-03-28
1222,2016-03-29
1273,2016-03-30
1609,2016-03-31
2030,2016-04-01
1856,2016-04-02
1328,2016-04-03
1436,2016-04-04
1324,2016-04-05
2503,2016-04-06
1687,2016-04-07
1226,2016-04-08
959,2016-04-09
865,2016-04-10
1302,2016-04-11
1052,2016-04-12
1056,2016-04-13
1113,2016-04-14
1402,2016-04-15
1308,2016-04-16
1443,2016-04-17
1643,2016-04-18
1388,2016-04-19
1443,2016-04-20
1599,2016-04-21
1402,2016-04-22
1065,2016-04-23
947,2016-04-24
1288,2016-04-25
1026,2016-04-26
1185,2016-04-27
1195,2016-04-28
1390,2016-04-29
1116,2016-04-30
1180,2016-05-01
1168,2016-05-02
1056,2016-05-03
1112,2016-05-04
992,2016-05-05
1254,2016-05-06
1072,2016-05-07
1105,2016-05-08
1303,2016-05-09
1104,2016-05-10
1467,2016-05-11
1185,2016-05-12
1519,2016-05-13
1039,2016-05-14
1342,2016-05-15
1396,2016-05-16
1158,2016-05-17
1093,2016-05-18
10725,2016-05-19
4635,2016-05-20
1362,2016-05-21
1189,2016-05-22
2288,2016-05-23
1375,2016-05-24
1523,2016-05-25
2041,2016-05-26
1911,2016-05-27
2057,2016-05-28
1260,2016-05-29
1386,2016-05-30
1657,2016-05-31
1642,2016-06-01
2796,2016-06-02
2672,2016-06-03
1447,2016-06-04
1412,2016-06-05
1531,2016-06-06
1729,2016-06-07
1727,2016-06-08
1380,2016-06-09
1314,2016-06-10
1150,2016-06-11
1270,2016-06-12
2839,2016-06-13
1721,2016-06-14
1269,2016-06-15
1466,2016-06-16
1686,2016-06-17
1298,2016-06-18
1287,2016-06-19
1491,2016-06-20
1862,2016-06-21
1674,2016-06-22
1858,2016-06-23
1659,2016-06-24
1167,2016-06-25
1330,2016-06-26
1706,2016-06-27
1569,2016-06-28
1716,2016-06-29
1589,2016-06-30
1783,2016-07-01
1706,2016-07-02
1002,2016-07-03
1064,2016-07-04
1088,2016-07-05
1555,2016-07-06
1795,2016-07-07
1663,2016-07-08
1708,2016-07-09
1415,2016-07-10
8476,2016-07-11
1825,2016-07-12
1687,2016-07-13
1970,2016-07-14
1688,2016-07-15
3138,2016-07-16
10610,2016-07-17
3785,2016-07-18
2076,2016-07-19
1643,2016-07-20
1694,2016-07-21
2541,2016-07-22
1547,2016-07-23
1742,2016-07-24
2184,2016-07-25
2821,2016-07-26
1798,2016-07-27
2232,2016-07-28
2402,2016-07-29
1891,2016-07-30
2093,2016-07-31
2274,2016-08-01
1878,2016-08-02
1778,2016-08-03
2500,2016-08-04
2034,2016-08-05
1810,2016-08-06
1751,2016-08-07
1841,2016-08-08
1729,2016-08-09
1867,2016-08-10
1929,2016-08-11
2141,2016-08-12
2153,2016-08-13
1684,2016-08-14
1987,2016-08-15
1851,2016-08-16
2014,2016-08-17
1863,2016-08-18
2611,2016-08-19
2140,2016-08-20
1699,2016-08-21
1797,2016-08-22
1470,2016-08-23
1597,2016-08-24
1467,2016-08-25
1433,2016-08-26
1138,2016-08-27
1582,2016-08-28
1839,2016-08-29
1502,2016-08-30
1327,2016-08-31
1639,2016-09-01
1520,2016-09-02
933,2016-09-03
785,2016-09-04
1406,2016-09-05
1548,2016-09-06
1485,2016-09-07
1408,2016-09-08
1197,2016-09-09
1530,2016-09-10
1555,2016-09-11
1592,2016-09-12
1664,2016-09-13
1206,2016-09-14
1451,2016-09-15
1258,2016-09-16
1312,2016-09-17
1166,2016-09-18
1414,2016-09-19
1082,2016-09-20
1302,2016-09-21
1479,2016-09-22
1191,2016-09-23
1001,2016-09-24
1809,2016-09-25
1341,2016-09-26
979,2016-09-27
1179,2016-09-28
1660,2016-09-29
1588,2016-09-30
2330,2016-10-01
1634,2016-10-02
1424,2016-10-03
1810,2016-10-04
2165,2016-10-05
2202,2016-10-06
2043,2016-10-07
1255,2016-10-08
1117,2016-10-09
1408,2016-10-10
1648,2016-10-11
3753,2016-10-12
2367,2016-10-13
2578,2016-10-14
1449,2016-10-15
1110,2016-10-16
1306,2016-10-17
986,2016-10-18
1252,2016-10-19
1361,2016-10-20
1515,2016-10-21
1379,2016-10-22
922,2016-10-23
1734,2016-10-24
1419,2016-10-25
1511,2016-10-26
1371,2016-10-27
1339,2016-10-28
984,2016-10-29
963,2016-10-30
1666,2016-10-31
1071,2016-11-01
1161,2016-11-02
1588,2016-11-03
1573,2016-11-04
974,2016-11-05
829,2016-11-06
1102,2016-11-07
901,2016-11-08
798,2016-11-09
999,2016-11-10
1059,2016-11-11
777,2016-11-12
895,2016-11-13
1007,2016-11-14
1789,2016-11-15
1710,2016-11-16
1413,2016-11-17
2185,2016-11-18
1171,2016-11-19
1115,2016-11-20
1089,2016-11-21
1072,2016-11-22
1169,2016-11-23
932,2016-11-24
778,2016-11-25
1125,2016-11-26
1179,2016-11-27
1291,2016-11-28
1672,2016-11-29
1975,2016-11-30
1529,2016-12-01
1364,2016-12-02
1582,2016-12-03
1232,2016-12-04
2462,2016-12-05
2103,2016-12-06
2771,2016-12-07
1959,2016-12-08
1883,2016-12-09
1421,2016-12-10
1318,2016-12-11
1317,2016-12-12
1120,2016-12-13
1230,2016-12-14
1605,2016-12-15
1656,2016-12-16
2556,2016-12-17
3244,2016-12-18
3084,2016-12-19
1933,2016-12-20
2340,2016-12-21
2750,2016-12-22
2436,2016-12-23
1652,2016-12-24
1037,2016-12-25
1295,2016-12-26
1230,2016-12-27
1262,2016-12-28
1350,2016-12-29
1199,2016-12-30
1254,2016-12-31
755,2017-01-01
1424,2017-01-02
2018,2017-01-03
2177,2017-01-04
2015,2017-01-05
1640,2017-01-06
1782,2017-01-07
2104,2017-01-08
2335,2017-01-09
1442,2017-01-10
1739,2017-01-11
1656,2017-01-12
1244,2017-01-13
1150,2017-01-14
1231,2017-01-15
1136,2017-01-16
1075,2017-01-17
1252,2017-01-18
1567,2017-01-19
1381,2017-01-20
1061,2017-01-21
922,2017-01-22
6650,2017-01-23
1041,2017-01-24
1185,2017-01-25
988,2017-01-26
1152,2017-01-27
1135,2017-01-28
1230,2017-01-29
1336,2017-01-30
893,2017-01-31
1209,2017-02-01
1017,2017-02-02
1819,2017-02-03
1011,2017-02-04
887,2017-02-05
1153,2017-02-06
1095,2017-02-07
2108,2017-02-08
1682,2017-02-09
1559,2017-02-10
1261,2017-02-11
1513,2017-02-12
2315,2017-02-13
2633,2017-02-14
2084,2017-02-15
1966,2017-02-16
3646,2017-02-17
10919,2017-02-18
4841,2017-02-19
2853,2017-02-20
2458,2017-02-21
1751,2017-02-22
2205,2017-02-23
1913,2017-02-24
1487,2017-02-25
1216,2017-02-26
1509,2017-02-27
1301,2017-02-28
1253,2017-03-01
1415,2017-03-02
1497,2017-03-03
1142,2017-03-04
1318,2017-03-05
1374,2017-03-06
1081,2017-03-07
1188,2017-03-08
1583,2017-03-09
1603,2017-03-10
1282,2017-03-11
1268,2017-03-12
1842,2017-03-13
1598,2017-03-14
1165,2017-03-15
1362,2017-03-16
1256,2017-03-17
1270,2017-03-18
1070,2017-03-19
1142,2017-03-20
1166,2017-03-21
1027,2017-03-22
1130,2017-03-23
1126,2017-03-24
1317,2017-03-25
65497,2017-03-26
39033,2017-03-27
10492,2017-03-28
2376,2017-03-29
1859,2017-03-30
2123,2017-03-31
1723,2017-04-01
1470,2017-04-02
1681,2017-04-03
1208,2017-04-04
1307,2017-04-05
2122,2017-04-06
1868,2017-04-07
5671,2017-04-08
9326,2017-04-09
595991,2017-04-10
622867,2017-04-11
138091,2017-04-12
60173,2017-04-13
28036,2017-04-14
18457,2017-04-15
12492,2017-04-16
12403,2017-04-17
7101,2017-04-18
4885,2017-04-19
3674,2017-04-20
4483,2017-04-21
5043,2017-04-22
3105,2017-04-23
2876,2017-04-24
3219,2017-04-25
6382,2017-04-26
8540,2017-04-27
4998,2017-04-28
3203,2017-04-29
1928,2017-04-30
2704,2017-05-01
3298,2017-05-02
2045,2017-05-03
3167,2017-05-04
3707,2017-05-05
2481,2017-05-06
1626,2017-05-07
4184,2017-05-08
2921,2017-05-09
3633,2017-05-10
5238,2017-05-11
2514,2017-05-12
1662,2017-05-13
1546,2017-05-14
1584,2017-05-15
1472,2017-05-16
1452,2017-05-17
1900,2017-05-18
2137,2017-05-19
1716,2017-05-20
1823,2017-05-21
1965,2017-05-22
1275,2017-05-23
2875,2017-05-24
2051,2017-05-25
1899,2017-05-26
2203,2017-05-27
1464,2017-05-28
1239,2017-05-29
1405,2017-05-30
1703,2017-05-31
1774,2017-06-01
2582,2017-06-02
2242,2017-06-03
1930,2017-06-04
2069,2017-06-05
1874,2017-06-06
1578,2017-06-07
1605,2017-06-08
1443,2017-06-09
1250,2017-06-10
897,2017-06-11
1446,2017-06-12
1488,2017-06-13
2451,2017-06-14
2736,2017-06-15
2208,2017-06-16
1443,2017-06-17
1190,2017-06-18
1814,2017-06-19
2298,2017-06-20
1841,2017-06-21
1385,2017-06-22
1645,2017-06-23
1183,2017-06-24
1633,2017-06-25
1283,2017-06-26
1416,2017-06-27
1291,2017-06-28
1396,2017-06-29
4398,2017-06-30
5751,2017-07-01
1829,2017-07-02
1230,2017-07-03
2218,2017-07-04
3159,2017-07-05
4370,2017-07-06
2768,2017-07-07
2519,2017-07-08
1883,2017-07-09
2217,2017-07-10
2030,2017-07-11
2035,2017-07-12
2272,2017-07-13
4982,2017-07-14
66543,2017-07-15
18398,2017-07-16
9192,2017-07-17
3454,2017-07-18
2206,2017-07-19
2198,2017-07-20
2027,2017-07-21
2050,2017-07-22
1793,2017-07-23
2966,2017-07-24
2210,2017-07-25
2079,2017-07-26
1894,2017-07-27
1671,2017-07-28
1743,2017-07-29
1359,2017-07-30
1445,2017-07-31
1644,2017-08-01
1973,2017-08-02
3167,2017-08-03
3829,2017-08-04
1785,2017-08-05
1332,2017-08-06
1750,2017-08-07
1616,2017-08-08
1704,2017-08-09
1957,2017-08-10
2521,2017-08-11
1406,2017-08-12
1064,2017-08-13
1156,2017-08-14
1454,2017-08-15
1253,2017-08-16
1476,2017-08-17
1453,2017-08-18
1624,2017-08-19
1350,2017-08-20
1826,2017-08-21
2125,2017-08-22
1534,2017-08-23
1376,2017-08-24
1439,2017-08-25
1448,2017-08-26
1675,2017-08-27
2504,2017-08-28
1981,2017-08-29
1938,2017-08-30
1646,2017-08-31
1709,2017-09-01
1168,2017-09-02
779,2017-09-03
1165,2017-09-04
1792,2017-09-05
6646,2017-09-06
7690,2017-09-07
2652,2017-09-08
1246,2017-09-09
1050,2017-09-10
2121,2017-09-11
1817,2017-09-12
1611,2017-09-13
1345,2017-09-14
1329,2017-09-15
1000,2017-09-16
1139,2017-09-17
1801,2017-09-18
2000,2017-09-19
1289,2017-09-20
1508,2017-09-21
1490,2017-09-22
1009,2017-09-23
1002,2017-09-24
1485,2017-09-25
2193,2017-09-26
1708,2017-09-27
1318,2017-09-28
1348,2017-09-29
1005,2017-09-30
1559,2017-10-01
1163,2017-10-02
1050,2017-10-03
1805,2017-10-04
1675,2017-10-05
1764,2017-10-06
1531,2017-10-07
1990,2017-10-08
1987,2017-10-09
1649,2017-10-10
1221,2017-10-11
1380,2017-10-12
1442,2017-10-13
1368,2017-10-14
1454,2017-10-15
1426,2017-10-16
1808,2017-10-17
1685,2017-10-18
1867,2017-10-19
2224,2017-10-20
1449,2017-10-21
1294,2017-10-22
2025,2017-10-23
1766,2017-10-24
1462,2017-10-25
1748,2017-10-26
1714,2017-10-27
2858,2017-10-28
2004,2017-10-29
1869,2017-10-30
1360,2017-10-31
1046,2017-11-01
1331,2017-11-02
1527,2017-11-03
1051,2017-11-04
1077,2017-11-05
1758,2017-11-06
5040,2017-11-07
4644,2017-11-08
1997,2017-11-09
1394,2017-11-10
1372,2017-11-11
939,2017-11-12
1195,2017-11-13
1198,2017-11-14
980,2017-11-15
1257,2017-11-16
1469,2017-11-17
1171,2017-11-18
1065,2017-11-19
1166,2017-11-20
1099,2017-11-21
1349,2017-11-22
760,2017-11-23
757,2017-11-24
656,2017-11-25
856,2017-11-26
1093,2017-11-27
1003,2017-11-28
956,2017-11-29
1202,2017-11-30
1323,2017-12-01
1153,2017-12-02
1049,2017-12-03
1043,2017-12-04
1078,2017-12-05
902,2017-12-06
905,2017-12-07
1169,2017-12-08
1056,2017-12-09
867,2017-12-10
1325,2017-12-11
1515,2017-12-12
1437,2017-12-13
1222,2017-12-14
1002,2017-12-15
1084,2017-12-16
1014,2017-12-17
1159,2017-12-18
1050,2017-12-19
1093,2017-12-20
1363,2017-12-21
1360,2017-12-22
1395,2017-12-23
12785,2017-12-24
14018,2017-12-25
11745,2017-12-26
9701,2017-12-27
4526,2017-12-28
2736,2017-12-29
1789,2017-12-30
1543,2017-12-31
1242,2018-01-01
1356,2018-01-02
1766,2018-01-03
1793,2018-01-04
1856,2018-01-05
1388,2018-01-06
1544,2018-01-07
2067,2018-01-08
1326,2018-01-09
1467,2018-01-10
1049,2018-01-11
1970,2018-01-12
1279,2018-01-13
1105,2018-01-14
1078,2018-01-15
1153,2018-01-16
1018,2018-01-17
1749,2018-01-18
1768,2018-01-19
1298,2018-01-20
846,2018-01-21
1092,2018-01-22
1012,2018-01-23
1115,2018-01-24
1184,2018-01-25
1143,2018-01-26
1334,2018-01-27
1319,2018-01-28
1326,2018-01-29
1968,2018-01-30
1899,2018-01-31
1458,2018-02-01
1367,2018-02-02
1742,2018-02-03
1432,2018-02-04
1495,2018-02-05
1820,2018-02-06
1392,2018-02-07
1524,2018-02-08
1560,2018-02-09
996,2018-02-10
1137,2018-02-11
1244,2018-02-12
935,2018-02-13
1967,2018-02-14
841,2018-02-15
1005,2018-02-16
942,2018-02-17
1318,2018-02-18
1240,2018-02-19
1502,2018-02-20
1424,2018-02-21
1518,2018-02-22
1700,2018-02-23
108764,2018-02-24
99199,2018-02-25
27712,2018-02-26
14575,2018-02-27
9849,2018-02-28
18264,2018-03-01
3943,2018-03-02
3018,2018-03-03
1975,2018-03-04
2159,2018-03-05
1451,2018-03-06
1424,2018-03-07
1350,2018-03-08
2148,2018-03-09
1307,2018-03-10
1138,2018-03-11
1610,2018-03-12
20327,2018-03-13
121638,2018-03-14
41415,2018-03-15
8507,2018-03-16
5788,2018-03-17
3688,2018-03-18
2348,2018-03-19
2291,2018-03-20
4400,2018-03-21
2646,2018-03-22
3905,2018-03-23
1813,2018-03-24
1381,2018-03-25
1771,2018-03-26
2945,2018-03-27
1638,2018-03-28
1322,2018-03-29
1371,2018-03-30
980,2018-03-31
1066,2018-04-01
1515,2018-04-02
1227,2018-04-03
1412,2018-04-04
1492,2018-04-05
1285,2018-04-06
1239,2018-04-07
1383,2018-04-08
1130,2018-04-09
1052,2018-04-10
1040,2018-04-11
1283,2018-04-12
1120,2018-04-13
3402,2018-04-14
1510,2018-04-15
1924,2018-04-16
1323,2018-04-17
1053,2018-04-18
1210,2018-04-19
1328,2018-04-20
936,2018-04-21
866,2018-04-22
1012,2018-04-23
1227,2018-04-24
1171,2018-04-25
1161,2018-04-26
982,2018-04-27
930,2018-04-28
1018,2018-04-29
1393,2018-04-30
1688,2018-05-01
1500,2018-05-02
2161,2018-05-03
2224,2018-05-04
1216,2018-05-05
1255,2018-05-06
1632,2018-05-07
1335,2018-05-08
1049,2018-05-09
1468,2018-05-10
1537,2018-05-11
1130,2018-05-12
1296,2018-05-13
1732,2018-05-14
2144,2018-05-15
2633,2018-05-16
1821,2018-05-17
1206,2018-05-18
1147,2018-05-19
1146,2018-05-20
1953,2018-05-21
1769,2018-05-22
2387,2018-05-23
1918,2018-05-24
1651,2018-05-25
1111,2018-05-26
1141,2018-05-27
1114,2018-05-28
1292,2018-05-29
1120,2018-05-30
1765,2018-05-31
1711,2018-06-01
1296,2018-06-02
1173,2018-06-03
1104,2018-06-04
1516,2018-06-05
1163,2018-06-06
1847,2018-06-07
1648,2018-06-08
1248,2018-06-09
1398,2018-06-10
1663,2018-06-11
1132,2018-06-12
1420,2018-06-13
1512,2018-06-14
1883,2018-06-15
1356,2018-06-16
1293,2018-06-17
7797,2018-06-18
8567,2018-06-19
31332,2018-06-20
28820,2018-06-21
4611,2018-06-22
1854,2018-06-23
1475,2018-06-24
2425,2018-06-25
14722,2018-06-26
6984,2018-06-27
1696,2018-06-28
1712,2018-06-29
1423,2018-06-30
2039,2018-07-01
2804,2018-07-02
1772,2018-07-03
1372,2018-07-04
1016,2018-07-05
1255,2018-07-06
939,2018-07-07
1305,2018-07-08
1264,2018-07-09
1332,2018-07-10
1094,2018-07-11
1190,2018-07-12
1351,2018-07-13
1155,2018-07-14
1663,2018-07-15
1907,2018-07-16
1841,2018-07-17
1339,2018-07-18
1450,2018-07-19
1329,2018-07-20
1685,2018-07-21
1766,2018-07-22
4515,2018-07-23
6720,2018-07-24
7532,2018-07-25
2883,2018-07-26
11798,2018-07-27
8517,2018-07-28
7129,2018-07-29
3193,2018-07-30
1930,2018-07-31
1653,2018-08-01
3788,2018-08-02
2923,2018-08-03
1971,2018-08-04
1579,2018-08-05
2025,2018-08-06
1740,2018-08-07
2038,2018-08-08
1963,2018-08-09
2355,2018-08-10
2559,2018-08-11
2483,2018-08-12
4404,2018-08-13
3510,2018-08-14
1763,2018-08-15
2254,2018-08-16
2341,2018-08-17
2327,2018-08-18
2182,2018-08-19
2503,2018-08-20
1704,2018-08-21
2147,2018-08-22
2152,2018-08-23
1783,2018-08-24
1014,2018-08-25
1107,2018-08-26
1214,2018-08-27
1280,2018-08-28
1373,2018-08-29
1417,2018-08-30
1625,2018-08-31
1561,2018-09-01
1177,2018-09-02
1223,2018-09-03
1881,2018-09-04
1545,2018-09-05
1403,2018-09-06
1403,2018-09-07
1081,2018-09-08
815,2018-09-09
1478,2018-09-10
2173,2018-09-11
1512,2018-09-12
1327,2018-09-13
1775,2018-09-14
1951,2018-09-15
1139,2018-09-16
1134,2018-09-17
1708,2018-09-18
1256,2018-09-19
1459,2018-09-20
1523,2018-09-21
1126,2018-09-22
1178,2018-09-23
909,2018-09-24
1091,2018-09-25
1099,2018-09-26
1189,2018-09-27
1348,2018-09-28
1044,2018-09-29
1025,2018-09-30
1203,2018-10-01
1164,2018-10-02
1158,2018-10-03
1993,2018-10-04
2475,2018-10-05
2254,2018-10-06
1663,2018-10-07
1505,2018-10-08
1424,2018-10-09
1763,2018-10-10
1557,2018-10-11
1769,2018-10-12
1100,2018-10-13
1066,2018-10-14
1301,2018-10-15
1365,2018-10-16
994,2018-10-17
919,2018-10-18
1262,2018-10-19
984,2018-10-20
944,2018-10-21
2340,2018-10-22
2186,2018-10-23
1390,2018-10-24
1486,2018-10-25
1214,2018-10-26
792,2018-10-27
849,2018-10-28
1073,2018-10-29
1065,2018-10-30
1273,2018-10-31
1099,2018-11-01
1454,2018-11-02
2029,2018-11-03
2643,2018-11-04
1424,2018-11-05
1414,2018-11-06
1099,2018-11-07
1182,2018-11-08
1246,2018-11-09
1100,2018-11-10
897,2018-11-11
1008,2018-11-12
1010,2018-11-13
1345,2018-11-14
1728,2018-11-15
3741,2018-11-16
1872,2018-11-17
1132,2018-11-18
1179,2018-11-19
1377,2018-11-20
1501,2018-11-21
1002,2018-11-22
636,2018-11-23
935,2018-11-24
1117,2018-11-25
1803,2018-11-26
1676,2018-11-27
1270,2018-11-28
1317,2018-11-29
1457,2018-11-30
1150,2018-12-01
1042,2018-12-02
1103,2018-12-03
1276,2018-12-04
1150,2018-12-05
1352,2018-12-06
1771,2018-12-07
1062,2018-12-08
1000,2018-12-09
1220,2018-12-10
1021,2018-12-11
1414,2018-12-12
2388,2018-12-13
1545,2018-12-14
1706,2018-12-15
1319,2018-12-16
1020,2018-12-17
3498,2018-12-18
3888,2018-12-19
1558,2018-12-20
1700,2018-12-21
1543,2018-12-22
1129,2018-12-23
1170,2018-12-24
916,2018-12-25
999,2018-12-26
1735,2018-12-27
2880,2018-12-28
1573,2018-12-29
1243,2018-12-30
1693,2018-12-31
3035,2019-01-01
7617,2019-01-02
3018,2019-01-03
1297,2019-01-04
1158,2019-01-05
1385,2019-01-06
1921,2019-01-07
2213,2019-01-08
1677,2019-01-09
1610,2019-01-10
1640,2019-01-11
1649,2019-01-12
1350,2019-01-13
1285,2019-01-14
989,2019-01-15
3667,2019-01-16
2505,2019-01-17
1385,2019-01-18
1119,2019-01-19
1528,2019-01-20
1729,2019-01-21
1402,2019-01-22
1302,2019-01-23
1513,2019-01-24
1501,2019-01-25
2350,2019-01-26
817,2019-01-27
979,2019-01-28
1256,2019-01-29
1495,2019-01-30
1792,2019-01-31
1438,2019-02-01
1067,2019-02-02
1063,2019-02-03
989,2019-02-04
1000,2019-02-05
1622,2019-02-06
1256,2019-02-07
1556,2019-02-08
1237,2019-02-09
1004,2019-02-10
1821,2019-02-11
1959,2019-02-12
1519,2019-02-13
1743,2019-02-14
1545,2019-02-15
1180,2019-02-16
1759,2019-02-17
2011,2019-02-18
1628,2019-02-19
1447,2019-02-20
1371,2019-02-21
1243,2019-02-22
1690,2019-02-23
1400,2019-02-24
1196,2019-02-25
992,2019-02-26
1096,2019-02-27
1580,2019-02-28
1422,2019-03-01
1522,2019-03-02
1292,2019-03-03
1549,2019-03-04
1138,2019-03-05
1331,2019-03-06
1183,2019-03-07
1366,2019-03-08
1407,2019-03-09
2119,2019-03-10
2156,2019-03-11
2041,2019-03-12
4234,2019-03-13
2651,2019-03-14
2405,2019-03-15
2709,2019-03-16
1525,2019-03-17
1467,2019-03-18
1416,2019-03-19
1379,2019-03-20
1648,2019-03-21
19725,2019-03-22
19096,2019-03-23
11153,2019-03-24
3210,2019-03-25
2776,2019-03-26
2619,2019-03-27
2263,2019-03-28
1707,2019-03-29
1815,2019-03-30
2271,2019-03-31
2180,2019-04-01
1650,2019-04-02
1176,2019-04-03
1439,2019-04-04
1828,2019-04-05
1274,2019-04-06
1392,2019-04-07
1698,2019-04-08
1280,2019-04-09
1494,2019-04-10
1697,2019-04-11
5761,2019-04-12
5577,2019-04-13
2142,2019-04-14
2482,2019-04-15
2034,2019-04-16
1578,2019-04-17
1459,2019-04-18
1709,2019-04-19
1533,2019-04-20
1139,2019-04-21
1207,2019-04-22
1645,2019-04-23
12476,2019-04-24
2533,2019-04-25
1917,2019-04-26
1856,2019-04-27
1249,2019-04-28
1368,2019-04-29
1369,2019-04-30
1281,2019-05-01
1325,2019-05-02
2367,2019-05-03
1893,2019-05-04
1363,2019-05-05
1619,2019-05-06
1320,2019-05-07
1809,2019-05-08
1369,2019-05-09
2368,2019-05-10
1643,2019-05-11
1460,2019-05-12
2382,2019-05-13
3244,2019-05-14
1879,2019-05-15
1642,2019-05-16
1594,2019-05-17
1062,2019-05-18
1438,2019-05-19
2734,2019-05-20
8058,2019-05-21
8626,2019-05-22
9365,2019-05-23
5249,2019-05-24
1943,2019-05-25
1600,2019-05-26
2244,2019-05-27
2317,2019-05-28
2251,2019-05-29
2319,2019-05-30
2052,2019-05-31
1206,2019-06-01
1313,2019-06-02
1815,2019-06-03
1811,2019-06-04
1491,2019-06-05
1638,2019-06-06
2095,2019-06-07
1662,2019-06-08
1803,2019-06-09
1594,2019-06-10
2263,2019-06-11
2827,2019-06-12
2365,2019-06-13
1535,2019-06-14
1886,2019-06-15
2727,2019-06-16
4196,2019-06-17
2199,2019-06-18
2134,2019-06-19
2667,2019-06-20
3315,2019-06-21
3525,2019-06-22
1819,2019-06-23
2073,2019-06-24
1971,2019-06-25
1528,2019-06-26
2200,2019-06-27
4747,2019-06-28
3250,2019-06-29
3174,2019-06-30
2995,2019-07-01
2012,2019-07-02
2003,2019-07-03
1628,2019-07-04
1654,2019-07-05
1494,2019-07-06
2716,2019-07-07
1812,2019-07-08
1675,2019-07-09
1387,2019-07-10
1605,2019-07-11
2338,2019-07-12
1638,2019-07-13
5816,2019-07-14
1816,2019-07-15
1340,2019-07-16
1379,2019-07-17
3317,2019-07-18
3051,2019-07-19
1851,2019-07-20
2130,2019-07-21
3004,2019-07-22
2243,2019-07-23
2376,2019-07-24
2163,2019-07-25
2032,2019-07-26
1250,2019-07-27
1433,2019-07-28
1688,2019-07-29
1780,2019-07-30
2288,2019-07-31
2511,2019-08-01
2104,2019-08-02
1534,2019-08-03
1141,2019-08-04
1037,2019-08-05
1094,2019-08-06
1551,2019-08-07
4085,2019-08-08
2963,2019-08-09
1731,2019-08-10
1084,2019-08-11
1009,2019-08-12
851,2019-08-13
1012,2019-08-14
1415,2019-08-15
1425,2019-08-16
1320,2019-08-17
1386,2019-08-18
2404,2019-08-19
1546,2019-08-20
1982,2019-08-21
3021,2019-08-22
2029,2019-08-23
1252,2019-08-24
1227,2019-08-25
1359,2019-08-26
1384,2019-08-27
1825,2019-08-28
2225,2019-08-29
1529,2019-08-30
1082,2019-08-31
752,2019-09-01
902,2019-09-02
1306,2019-09-03
905,2019-09-04
941,2019-09-05
807,2019-09-06
1331,2019-09-07
1780,2019-09-08
1834,2019-09-09
2803,2019-09-10
4396,2019-09-11
1854,2019-09-12
1717,2019-09-13
1647,2019-09-14
972,2019-09-15
1071,2019-09-16
1121,2019-09-17
1097,2019-09-18
1596,2019-09-19
1699,2019-09-20
1337,2019-09-21
1063,2019-09-22
28606,2019-09-23
11634,2019-09-24
1738,2019-09-25
1473,2019-09-26
1540,2019-09-27
1507,2019-09-28
1256,2019-09-29
1101,2019-09-30
1111,2019-10-01
1310,2019-10-02
1194,2019-10-03
1248,2019-10-04
1057,2019-10-05
1078,2019-10-06
970,2019-10-07
1146,2019-10-08
1027,2019-10-09
1281,2019-10-10
3283,2019-10-11
12661,2019-10-12
9863,2019-10-13
4274,2019-10-14
2088,2019-10-15
1300,2019-10-16
1286,2019-10-17
1716,2019-10-18
1912,2019-10-19
1615,2019-10-20
1758,2019-10-21
1407,2019-10-22
971,2019-10-23
1311,2019-10-24
3353,2019-10-25
1684,2019-10-26
906,2019-10-27
1232,2019-10-28
1340,2019-10-29
1355,2019-10-30
1199,2019-10-31
1357,2019-11-01
1052,2019-11-02
1037,2019-11-03
1016,2019-11-04
847,2019-11-05
1154,2019-11-06
2996,2019-11-07
3429,2019-11-08
1387,2019-11-09
809,2019-11-10
1068,2019-11-11
1737,2019-11-12
1883,2019-11-13
1198,2019-11-14
1167,2019-11-15
1438,2019-11-16
1284,2019-11-17
1286,2019-11-18
1057,2019-11-19
1010,2019-11-20
1909,2019-11-21
1546,2019-11-22
2022,2019-11-23
2464,2019-11-24
1046,2019-11-25
1674,2019-11-26
1583,2019-11-27
1131,2019-11-28
682,2019-11-29
1113,2019-11-30
2033,2019-12-01
1861,2019-12-02
2079,2019-12-03
2290,2019-12-04
1867,2019-12-05
2216,2019-12-06
1482,2019-12-07
1436,2019-12-08
1559,2019-12-09
1319,2019-12-10
1451,2019-12-11
1474,2019-12-12
1258,2019-12-13
1245,2019-12-14
1238,2019-12-15
1397,2019-12-16
1512,2019-12-17
2716,2019-12-18
2585,2019-12-19
1729,2019-12-20
2609,2019-12-21
3250,2019-12-22
2135,2019-12-23
1666,2019-12-24
1151,2019-12-25
1161,2019-12-26
1931,2019-12-27
1374,2019-12-28
1441,2019-12-29
1622,2019-12-30
1712,2019-12-31
