[{"id": 3, "terminal": "B32006", "station": "Colleges of the Fenway", "municipal": "Boston", "status": "Existing"}, {"id": 4, "terminal": "C32000", "station": " Berkeley St.", "municipal": "Boston", "status": "Existing"}, {"id": 5, "terminal": "B32012", "station": "Northeastern U ", "municipal": "Boston", "status": "Existing"}, {"id": 6, "terminal": "D32000", "station": " Joy St.", "municipal": "Boston", "status": "Existing"}, {"id": 7, "terminal": "A32000", "station": "Fan Pier", "municipal": "Boston", "status": "Existing"}, {"id": 8, "terminal": "A32001", "station": "Union Square ", "municipal": "Boston", "status": "Existing"}, {"id": 9, "terminal": "A32002", "station": "Agganis Arena ", "municipal": "Boston", "status": "Existing"}, {"id": 10, "terminal": "A32003", "station": "B.U. Central ", "municipal": "Boston", "status": "Existing"}, {"id": 11, "terminal": "A32004", "station": "Longwood Ave ", "municipal": "Boston", "status": "Existing"}, {"id": 12, "terminal": "B32002", "station": "ion ", "municipal": "Boston", "status": "Existing"}, {"id": 13, "terminal": "C32002", "station": "Boston Medical Center ", "municipal": "Boston", "status": "Removed"}, {"id": 14, "terminal": "B32003", "station": "HMS ", "municipal": "Boston", "status": "Existing"}, {"id": 15, "terminal": "A32005", "station": "e ", "municipal": "Boston", "status": "Existing"}, {"id": 16, "terminal": "C32003", "station": "Back Bay ", "municipal": "Boston", "status": "Existing"}, {"id": 17, "terminal": "A32006", "station": "Harvard University Housing ", "municipal": "Boston", "status": "Existing"}, {"id": 18, "terminal": "A32007", "station": "e ", "municipal": "Boston", "status": "Existing"}, {"id": 19, "terminal": "A32008", "station": "Buswell Park", "municipal": "Boston", "status": "Existing"}, {"id": 20, "terminal": "B32004", "station": "ion ", "municipal": "Boston", "status": "Existing"}, {"id": 21, "terminal": "C32007", "station": "Prudential Center ", "municipal": "Boston", "status": "Existing"}, {"id": 22, "terminal": "A32010", "station": "ion ", "municipal": "Boston", "status": "Existing"}, {"id": 23, "terminal": "B32008", "station": "Mayor Thomas M. Menino ", "municipal": "Boston", "status": "Removed"}, {"id": 24, "terminal": "B32007", "station": "Seaport Square ", "municipal": "Boston", "status": "Existing"}, {"id": 25, "terminal": "A32009", "station": "Tremont St ", "municipal": "Boston", "status": "Existing"}, {"id": 26, "terminal": "D32002", "station": " Waltham St.", "municipal": "Boston", "status": "Existing"}, {"id": 27, "terminal": "C32001", "station": "ion", "municipal": "Boston", "status": "Existing"}, {"id": 29, "terminal": "A32011", "station": "ion Lab ", "municipal": "Boston", "status": "Existing"}, {"id": 30, "terminal": "B32013", "station": "Brigham Cir ", "municipal": "Boston", "status": "Existing"}, {"id": 31, "terminal": "B32014", "station": "Seaport Hotel", "municipal": "Boston", "status": "Existing"}, {"id": 32, "terminal": "B32015", "station": "Landmark Centre", "municipal": "Boston", "status": "Existing"}, {"id": 33, "terminal": "B32010", "station": "Kenmore Sq ", "municipal": "Boston", "status": "Existing"}, {"id": 34, "terminal": "B32009", "station": " Brookline Ave", "municipal": "Boston", "status": "Removed"}, {"id": 35, "terminal": "D32004", "station": "Summer St. ", "municipal": "Boston", "status": "Removed"}, {"id": 36, "terminal": "D32005", "station": "Boston Public Library ", "municipal": "Boston", "status": "Existing"}, {"id": 37, "terminal": "D32001", "station": "New Balance ", "municipal": "Boston", "status": "Removed"}, {"id": 38, "terminal": "D32003", "station": "TD Garden ", "municipal": "Boston", "status": "Removed"}, {"id": 39, "terminal": "C32006", "station": " Rutland St.", "municipal": "Boston", "status": "Existing"}, {"id": 40, "terminal": "D32006", "station": "Lewis Wharf ", "municipal": "Boston", "status": "Existing"}, {"id": 41, "terminal": "A32012", "station": "Packard's Corner ", "municipal": "Boston", "status": "Existing"}, {"id": 42, "terminal": "D32007", "station": " Arlington St.", "municipal": "Boston", "status": "Existing"}, {"id": 43, "terminal": "D32008", "station": "Rowes Wharf ", "municipal": "Boston", "status": "Existing"}, {"id": 44, "terminal": "D32009", "station": "Faneuil Hall ", "municipal": "Boston", "status": "Existing"}, {"id": 45, "terminal": "B32011", "station": " Boylston St.", "municipal": "Boston", "status": "Existing"}, {"id": 46, "terminal": "B32005", "station": "Christian Science Plaza", "municipal": "Boston", "status": "Existing"}, {"id": 47, "terminal": "D32010", "station": " Hanover St.", "municipal": "Boston", "status": "Existing"}, {"id": 48, "terminal": "D32012", "station": "Post Office Square", "municipal": "Boston", "status": "Existing"}, {"id": 49, "terminal": "D32011", "station": " Charles St.", "municipal": "Boston", "status": "Existing"}, {"id": 50, "terminal": "D32013", "station": "Boylston St ", "municipal": "Boston", "status": "Existing"}, {"id": 51, "terminal": "C32005", "station": " Lenox St.", "municipal": "Boston", "status": "Existing"}, {"id": 52, "terminal": "B32000", "station": "Newbury St ", "municipal": "Boston", "status": "Existing"}, {"id": 53, "terminal": "B32016", "station": "Beacon St ", "municipal": "Boston", "status": "Existing"}, {"id": 54, "terminal": "D32014", "station": "Tremont St ", "municipal": "Boston", "status": "Existing"}, {"id": 55, "terminal": "B32018", "station": "Boylston ", "municipal": "Boston", "status": "Existing"}, {"id": 56, "terminal": "B32017", "station": "Dudley Square", "municipal": "Boston", "status": "Removed"}, {"id": 57, "terminal": "C32004", "station": " Mass. Ave.", "municipal": "Boston", "status": "Existing"}, {"id": 58, "terminal": "D32017", "station": "The Esplanade ", "municipal": "Boston", "status": "Existing"}, {"id": 59, "terminal": "D32015", "station": "own G", "municipal": "Boston", "status": "Existing"}, {"id": 60, "terminal": "D32016", "station": "Charles Circle ", "municipal": "Boston", "status": "Removed"}, {"id": 61, "terminal": "C32008", "station": " Fairfield", "municipal": "Boston", "status": "Removed"}, {"id": 62, "terminal": "B32019", "station": "Longwood Ave", "municipal": "Boston", "status": "Existing"}, {"id": 63, "terminal": "C32009", "station": " Gillette Park", "municipal": "Boston", "status": "Existing"}, {"id": 64, "terminal": "C32010", "station": "Congress ", "municipal": "Boston", "status": "Existing"}, {"id": 65, "terminal": "D32018", "station": "Boston Convention & Exhibition Center", "municipal": "Boston", "status": "Existing"}, {"id": 66, "terminal": "A32017", "station": "Allston Green District ", "municipal": "Boston", "status": "Existing"}, {"id": 67, "terminal": "M32006", "station": " Mass Ave ", "municipal": "Cambridge", "status": "Existing"}, {"id": 68, "terminal": "M32011", "station": " Mass Ave ", "municipal": "Cambridge", "status": "Existing"}, {"id": 69, "terminal": "K32001", "station": "Coolidge Corner ", "municipal": "Brookline", "status": "Existing"}, {"id": 70, "terminal": "M32016", "station": " Bennett St ", "municipal": "Cambridge", "status": "Existing"}, {"id": 71, "terminal": "S32004", "station": "Conway Park ", "municipal": "Somerville", "status": "Existing"}, {"id": 72, "terminal": "M32003", "station": "One Broadway ", "municipal": "Cambridge", "status": "Existing"}, {"id": 73, "terminal": "M32017", "station": " Br", "municipal": "Cambridge", "status": "Existing"}, {"id": 74, "terminal": "M32018", "station": " Mass Ave", "municipal": "Cambridge", "status": "Existing"}, {"id": 75, "terminal": "M32009", "station": " Mass Ave ", "municipal": "Cambridge", "status": "Existing"}, {"id": 76, "terminal": "M32012", "station": "Central Sq Post Office ", "municipal": "Cambridge", "status": "Existing"}, {"id": 77, "terminal": "S32001", "station": "Somerville City Hall", "municipal": "Somerville", "status": "Existing"}, {"id": 78, "terminal": "S32002", "station": "Union Square ", "municipal": "Somerville", "status": "Existing"}, {"id": 79, "terminal": "S32003", "station": " Washington ", "municipal": "Somerville", "status": "Existing"}, {"id": 80, "terminal": "M32005", "station": "a Center ", "municipal": "Cambridge", "status": "Existing"}, {"id": 81, "terminal": "D32019", "station": "Boylston St ", "municipal": "Boston", "status": "Existing"}, {"id": 82, "terminal": "K32002", "station": "Brookline Town Hall ", "municipal": "Brookline", "status": "Removed"}, {"id": 83, "terminal": "C32011", "station": "South Bay Plaza", "municipal": "Boston", "status": "Existing"}, {"id": 84, "terminal": "M32019", "station": "CambridgeSide Galleria ", "municipal": "Cambridge", "status": "Existing"}, {"id": 85, "terminal": "C32012", "station": "ion ", "municipal": "Boston", "status": "Removed"}, {"id": 86, "terminal": "K32003", "station": "Brookline Village ", "municipal": "Brookline", "status": "Existing"}, {"id": 87, "terminal": "M32014", "station": "Harvard University Housing ", "municipal": "Cambridge", "status": "Existing"}, {"id": 88, "terminal": "M32010", "station": " Vellucci Plaza ", "municipal": "Cambridge", "status": "Existing"}, {"id": 89, "terminal": "M32020", "station": " Mass Ave ", "municipal": "Cambridge", "status": "Existing"}, {"id": 90, "terminal": "M32001", "station": "ion ", "municipal": "Cambridge", "status": "Existing"}, {"id": 91, "terminal": "M32002", "station": " Hampshire St ", "municipal": "Cambridge", "status": "Existing"}, {"id": 92, "terminal": "C32014", "station": "University of Massachusetts Boston", "municipal": "Boston", "status": "Existing"}, {"id": 93, "terminal": "C32013", "station": "JFK ", "municipal": "Boston", "status": "Existing"}, {"id": 94, "terminal": "D32020", "station": "Charlestown ", "municipal": "Boston", "status": "Existing"}, {"id": 95, "terminal": "M32007", "station": "Cambridge St ", "municipal": "Cambridge", "status": "Existing"}, {"id": 96, "terminal": "M32013", "station": " Broadway ", "municipal": "Cambridge", "status": "Existing"}, {"id": 97, "terminal": "M32015", "station": " DeWolfe St ", "municipal": "Cambridge", "status": "Removed"}, {"id": 98, "terminal": "D32021", "station": "Charlestown ", "municipal": "Boston", "status": "Existing"}, {"id": 99, "terminal": "B32008", "station": "Mayor Thomas M. Menino ", "municipal": "Boston", "status": "Existing"}, {"id": 100, "terminal": "B32017", "station": "Dudley Square", "municipal": "Boston", "status": "Existing"}, {"id": 101, "terminal": "B32020", "station": "BIDMC ", "municipal": "Boston", "status": "Existing"}, {"id": 102, "terminal": "C32002", "station": "Boston Medical Center ", "municipal": "Boston", "status": "Existing"}, {"id": 103, "terminal": "C32008", "station": " Fairfield", "municipal": "Boston", "status": "Existing"}, {"id": 104, "terminal": "C32012", "station": "ion ", "municipal": "Boston", "status": "Existing"}, {"id": 105, "terminal": "C32015", "station": "Mt Pleasant Ave ", "municipal": "Boston", "status": "Existing"}, {"id": 106, "terminal": "C32016", "station": " Dorchester St", "municipal": "Boston", "status": "Existing"}, {"id": 107, "terminal": "C32017", "station": "South Boston Library ", "municipal": "Boston", "status": "Existing"}, {"id": 108, "terminal": "C32018", "station": " Columbia Rd", "municipal": "Boston", "status": "Existing"}, {"id": 109, "terminal": "C32019", "station": "Upham's Corner ", "municipal": "Boston", "status": "Existing"}, {"id": 110, "terminal": "D32001", "station": "New Balance ", "municipal": "Boston", "status": "Existing"}, {"id": 111, "terminal": "D32003", "station": "TD Garden ", "municipal": "Boston", "status": "Existing"}, {"id": 112, "terminal": "D32004", "station": "Franklin St. ", "municipal": "Boston", "status": "Existing"}, {"id": 113, "terminal": "D32016", "station": "Charles Circle ", "municipal": "Boston", "status": "Existing"}, {"id": 114, "terminal": "D32022", "station": "TD Garden ", "municipal": "Boston", "status": "Existing"}, {"id": 115, "terminal": "D32023", "station": "ion Hospital ", "municipal": "Boston", "status": "Existing"}, {"id": 116, "terminal": "D32024", "station": " Beacon St", "municipal": "Boston", "status": "Existing"}, {"id": 117, "terminal": "D32025", "station": " India St", "municipal": "Boston", "status": "Existing"}, {"id": 118, "terminal": "D32026", "station": " Vine St.", "municipal": "Boston", "status": "Existing"}, {"id": 119, "terminal": "D32027", "station": "New Balance Store ", "municipal": "Boston", "status": "Existing"}, {"id": 120, "terminal": "E32001", "station": "JP Monument ", "municipal": "Boston", "status": "Existing"}, {"id": 121, "terminal": "E32002", "station": "JP Centre ", "municipal": "Boston", "status": "Existing"}, {"id": 122, "terminal": "E32003", "station": " Barbara St", "municipal": "Boston", "status": "Existing"}, {"id": 123, "terminal": "E32004", "station": " Columbus Ave", "municipal": "Boston", "status": "Existing"}, {"id": 124, "terminal": "E32005", "station": "Green St T", "municipal": "Boston", "status": "Existing"}, {"id": 125, "terminal": "E32006", "station": " Centre St", "municipal": "Boston", "status": "Existing"}, {"id": 126, "terminal": "K32002", "station": " Washington St. ", "municipal": "Brookline", "status": "Existing"}, {"id": 127, "terminal": "K32004", "station": " Harvard St. ", "municipal": "Brookline", "status": "Existing"}, {"id": 128, "terminal": "M32004", "station": " Main St", "municipal": "Cambridge", "status": "Existing"}, {"id": 129, "terminal": "M32015", "station": "Harvard University River Houses ", "municipal": "Cambridge", "status": "Existing"}, {"id": 130, "terminal": "M32021", "station": " Quincy St ", "municipal": "Cambridge", "status": "Existing"}, {"id": 131, "terminal": "M32022", "station": " Magazine St", "municipal": "Cambridge", "status": "Existing"}, {"id": 132, "terminal": "M32023", "station": "Harvard University ", "municipal": "Cambridge", "status": "Existing"}, {"id": 133, "terminal": "M32024", "station": " Shepard St ", "municipal": "Cambridge", "status": "Existing"}, {"id": 134, "terminal": "M32025", "station": "Mass Ave ", "municipal": "Cambridge", "status": "Existing"}, {"id": 135, "terminal": "M32026", "station": "359 Broadway ", "municipal": "Cambridge", "status": "Existing"}, {"id": 136, "terminal": "M32027", "station": "Biogen Idec ", "municipal": "Cambridge", "status": "Existing"}, {"id": 137, "terminal": "M32029", "station": "ion", "municipal": "Cambridge", "status": "Existing"}, {"id": 138, "terminal": "S32005", "station": "Wilson Square", "municipal": "Somerville", "status": "Existing"}, {"id": 139, "terminal": "S32006", "station": "Davis Square", "municipal": "Somerville", "status": "Existing"}, {"id": 140, "terminal": "S32007", "station": "Ball Square", "municipal": "Somerville", "status": "Existing"}, {"id": 141, "terminal": "S32008", "station": "Powder House Circle", "municipal": "Somerville", "status": "Existing"}, {"id": 142, "terminal": "S32009", "station": "Packard Ave ", "municipal": "Somerville", "status": "Existing"}, {"id": 143, "terminal": "S32010", "station": " Highland Ave ", "municipal": "Somerville", "status": "Existing"}, {"id": 144, "terminal": "S32011", "station": " 239 Holland St", "municipal": "Somerville", "status": "Existing"}, {"id": 145, "terminal": "S32012", "station": " Cutter St", "municipal": "Somerville", "status": "Existing"}]