{"latitude": 40.7128, "longitude": -74.006, "timezone": "America/New_York", "currently": {"time": 1571960371, "summary": "Clear", "icon": "clear-night", "nearestStormDistance": 205, "nearestStormBearing": 0, "precipIntensity": 0, "precipProbability": 0, "temperature": 58.55, "apparentTemperature": 58.55, "dewPoint": 43.65, "humidity": 0.58, "pressure": 1025.92, "windSpeed": 6.01, "windGust": 6.01, "windBearing": 189, "cloudCover": 0, "uvIndex": 0, "visibility": 8.43, "ozone": 261.8}, "minutely": {"summary": "Clear for the hour.", "icon": "clear-night", "data": [{"time": 1571960340, "precipIntensity": 0, "precipProbability": 0}, {"time": 1571960400, "precipIntensity": 0, "precipProbability": 0}, {"time": 1571960460, "precipIntensity": 0, "precipProbability": 0}, {"time": 1571960520, "precipIntensity": 0, "precipProbability": 0}, {"time": 1571960580, "precipIntensity": 0, "precipProbability": 0}, {"time": 1571960640, "precipIntensity": 0, "precipProbability": 0}, {"time": 1571960700, "precipIntensity": 0, "precipProbability": 0}, {"time": 1571960760, "precipIntensity": 0, "precipProbability": 0}, {"time": 1571960820, "precipIntensity": 0, "precipProbability": 0}, {"time": 1571960880, "precipIntensity": 0, "precipProbability": 0}, {"time": 1571960940, "precipIntensity": 0, "precipProbability": 0}, {"time": 1571961000, "precipIntensity": 0, "precipProbability": 0}, {"time": 1571961060, "precipIntensity": 0, "precipProbability": 0}, {"time": 1571961120, "precipIntensity": 0, "precipProbability": 0}, {"time": 1571961180, "precipIntensity": 0, "precipProbability": 0}, {"time": 1571961240, "precipIntensity": 0, "precipProbability": 0}, {"time": 1571961300, "precipIntensity": 0, "precipProbability": 0}, {"time": 1571961360, "precipIntensity": 0, "precipProbability": 0}, {"time": 1571961420, "precipIntensity": 0, "precipProbability": 0}, {"time": 1571961480, "precipIntensity": 0, "precipProbability": 0}, {"time": 1571961540, "precipIntensity": 0, "precipProbability": 0}, {"time": 1571961600, "precipIntensity": 0, "precipProbability": 0}, {"time": 1571961660, "precipIntensity": 0, "precipProbability": 0}, {"time": 1571961720, "precipIntensity": 0, "precipProbability": 0}, {"time": 1571961780, "precipIntensity": 0, "precipProbability": 0}, {"time": 1571961840, "precipIntensity": 0, "precipProbability": 0}, {"time": 1571961900, "precipIntensity": 0, "precipProbability": 0}, {"time": 1571961960, "precipIntensity": 0, "precipProbability": 0}, {"time": 1571962020, "precipIntensity": 0, "precipProbability": 0}, {"time": 1571962080, "precipIntensity": 0, "precipProbability": 0}, {"time": 1571962140, "precipIntensity": 0, "precipProbability": 0}, {"time": 1571962200, "precipIntensity": 0, "precipProbability": 0}, {"time": 1571962260, "precipIntensity": 0, "precipProbability": 0}, {"time": 1571962320, "precipIntensity": 0, "precipProbability": 0}, {"time": 1571962380, "precipIntensity": 0, "precipProbability": 0}, {"time": 1571962440, "precipIntensity": 0, "precipProbability": 0}, {"time": 1571962500, "precipIntensity": 0, "precipProbability": 0}, {"time": 1571962560, "precipIntensity": 0, "precipProbability": 0}, {"time": 1571962620, "precipIntensity": 0, "precipProbability": 0}, {"time": 1571962680, "precipIntensity": 0, "precipProbability": 0}, {"time": 1571962740, "precipIntensity": 0, "precipProbability": 0}, {"time": 1571962800, "precipIntensity": 0, "precipProbability": 0}, {"time": 1571962860, "precipIntensity": 0, "precipProbability": 0}, {"time": 1571962920, "precipIntensity": 0, "precipProbability": 0}, {"time": 1571962980, "precipIntensity": 0, "precipProbability": 0}, {"time": 1571963040, "precipIntensity": 0, "precipProbability": 0}, {"time": 1571963100, "precipIntensity": 0, "precipProbability": 0}, {"time": 1571963160, "precipIntensity": 0, "precipProbability": 0}, {"time": 1571963220, "precipIntensity": 0, "precipProbability": 0}, {"time": 1571963280, "precipIntensity": 0, "precipProbability": 0}, {"time": 1571963340, "precipIntensity": 0, "precipProbability": 0}, {"time": 1571963400, "precipIntensity": 0, "precipProbability": 0}, {"time": 1571963460, "precipIntensity": 0, "precipProbability": 0}, {"time": 1571963520, "precipIntensity": 0, "precipProbability": 0}, {"time": 1571963580, "precipIntensity": 0, "precipProbability": 0}, {"time": 1571963640, "precipIntensity": 0, "precipProbability": 0}, {"time": 1571963700, "precipIntensity": 0, "precipProbability": 0}, {"time": 1571963760, "precipIntensity": 0, "precipProbability": 0}, {"time": 1571963820, "precipIntensity": 0, "precipProbability": 0}, {"time": 1571963880, "precipIntensity": 0, "precipProbability": 0}, {"time": 1571963940, "precipIntensity": 0, "precipProbability": 0}]}, "hourly": {"summary": "Mostly cloudy throughout the day.", "icon": "cloudy", "data": [{"time": 1571958000, "summary": "Clear", "icon": "clear-night", "precipIntensity": 0, "precipProbability": 0, "temperature": 59.56, "apparentTemperature": 59.56, "dewPoint": 42.87, "humidity": 0.54, "pressure": 1025.64, "windSpeed": 5.92, "windGust": 5.92, "windBearing": 184, "cloudCover": 0, "uvIndex": 0, "visibility": 7.974, "ozone": 262}, {"time": 1571961600, "summary": "Clear", "icon": "clear-night", "precipIntensity": 0, "precipProbability": 0, "temperature": 58.28, "apparentTemperature": 58.28, "dewPoint": 44.1, "humidity": 0.59, "pressure": 1026.08, "windSpeed": 6.18, "windGust": 6.68, "windBearing": 192, "cloudCover": 0, "uvIndex": 0, "visibility": 9.176, "ozone": 261.5}, {"time": 1571965200, "summary": "Clear", "icon": "clear-night", "precipIntensity": 0, "precipProbability": 0, "temperature": 58.64, "apparentTemperature": 58.64, "dewPoint": 46.12, "humidity": 0.63, "pressure": 1026.4, "windSpeed": 7.22, "windGust": 13.04, "windBearing": 204, "cloudCover": 0, "uvIndex": 0, "visibility": 10, "ozone": 259.6}, {"time": 1571968800, "summary": "Clear", "icon": "clear-night", "precipIntensity": 0, "precipProbability": 0, "temperature": 58.73, "apparentTemperature": 58.73, "dewPoint": 46.86, "humidity": 0.65, "pressure": 1026.76, "windSpeed": 7.79, "windGust": 17.16, "windBearing": 214, "cloudCover": 0, "uvIndex": 0, "visibility": 10, "ozone": 257.2}, {"time": 1571972400, "summary": "Clear", "icon": "clear-night", "precipIntensity": 0, "precipProbability": 0, "temperature": 57.85, "apparentTemperature": 57.85, "dewPoint": 46.37, "humidity": 0.66, "pressure": 1026.81, "windSpeed": 6.99, "windGust": 15.96, "windBearing": 218, "cloudCover": 0, "uvIndex": 0, "visibility": 10, "ozone": 255.7}, {"time": 1571976000, "summary": "Clear", "icon": "clear-night", "precipIntensity": 0, "precipProbability": 0, "temperature": 56.65, "apparentTemperature": 56.65, "dewPoint": 46.11, "humidity": 0.68, "pressure": 1027.01, "windSpeed": 5.88, "windGust": 14.42, "windBearing": 224, "cloudCover": 0, "uvIndex": 0, "visibility": 10, "ozone": 255.7}, {"time": 1571979600, "summary": "Clear", "icon": "clear-night", "precipIntensity": 0.0012, "precipProbability": 0.01, "precipType": "rain", "temperature": 55.6, "apparentTemperature": 55.6, "dewPoint": 45.8, "humidity": 0.7, "pressure": 1026.91, "windSpeed": 4.77, "windGust": 12.56, "windBearing": 265, "cloudCover": 0.02, "uvIndex": 0, "visibility": 10, "ozone": 256.5}, {"time": 1571983200, "summary": "Clear", "icon": "clear-night", "precipIntensity": 0, "precipProbability": 0, "temperature": 54.76, "apparentTemperature": 54.76, "dewPoint": 45.51, "humidity": 0.71, "pressure": 1027.06, "windSpeed": 3.74, "windGust": 9.63, "windBearing": 252, "cloudCover": 0.01, "uvIndex": 0, "visibility": 10, "ozone": 257.1}, {"time": 1571986800, "summary": "Clear", "icon": "clear-night", "precipIntensity": 0.001, "precipProbability": 0.01, "precipType": "rain", "temperature": 53.94, "apparentTemperature": 53.94, "dewPoint": 45.21, "humidity": 0.72, "pressure": 1027, "windSpeed": 3.09, "windGust": 6.38, "windBearing": 142, "cloudCover": 0.05, "uvIndex": 0, "visibility": 10, "ozone": 257}, {"time": 1571990400, "summary": "Clear", "icon": "clear-night", "precipIntensity": 0.0008, "precipProbability": 0.01, "precipType": "rain", "temperature": 53.08, "apparentTemperature": 53.08, "dewPoint": 44.88, "humidity": 0.74, "pressure": 1027.03, "windSpeed": 2.48, "windGust": 4.58, "windBearing": 351, "cloudCover": 0.11, "uvIndex": 0, "visibility": 10, "ozone": 256.7}, {"time": 1571994000, "summary": "Partly Cloudy", "icon": "partly-cloudy-night", "precipIntensity": 0, "precipProbability": 0, "temperature": 52.04, "apparentTemperature": 52.04, "dewPoint": 44.81, "humidity": 0.76, "pressure": 1026.86, "windSpeed": 2.09, "windGust": 3.06, "windBearing": 273, "cloudCover": 0.3, "uvIndex": 0, "visibility": 10, "ozone": 256.5}, {"time": 1571997600, "summary": "Mostly Cloudy", "icon": "partly-cloudy-night", "precipIntensity": 0, "precipProbability": 0, "temperature": 50.96, "apparentTemperature": 50.96, "dewPoint": 44.79, "humidity": 0.79, "pressure": 1026.77, "windSpeed": 1.88, "windGust": 2.56, "windBearing": 202, "cloudCover": 0.58, "uvIndex": 0, "visibility": 10, "ozone": 257}, {"time": 1572001200, "summary": "Mostly Cloudy", "icon": "partly-cloudy-night", "precipIntensity": 0, "precipProbability": 0, "temperature": 50.48, "apparentTemperature": 50.48, "dewPoint": 44.54, "humidity": 0.8, "pressure": 1026.49, "windSpeed": 1.82, "windGust": 2.42, "windBearing": 218, "cloudCover": 0.73, "uvIndex": 0, "visibility": 10, "ozone": 257.6}, {"time": 1572004800, "summary": "Mostly Cloudy", "icon": "partly-cloudy-day", "precipIntensity": 0.0002, "precipProbability": 0.01, "precipType": "rain", "temperature": 51.05, "apparentTemperature": 51.05, "dewPoint": 44.26, "humidity": 0.77, "pressure": 1027.26, "windSpeed": 2.3, "windGust": 2.79, "windBearing": 298, "cloudCover": 0.86, "uvIndex": 0, "visibility": 10, "ozone": 258.1}, {"time": 1572008400, "summary": "Overcast", "icon": "cloudy", "precipIntensity": 0, "precipProbability": 0, "temperature": 53.95, "apparentTemperature": 53.95, "dewPoint": 44.1, "humidity": 0.69, "pressure": 1027.02, "windSpeed": 1.89, "windGust": 2.6, "windBearing": 313, "cloudCover": 0.88, "uvIndex": 1, "visibility": 10, "ozone": 258.1}, {"time": 1572012000, "summary": "Overcast", "icon": "cloudy", "precipIntensity": 0, "precipProbability": 0, "temperature": 57.06, "apparentTemperature": 57.06, "dewPoint": 44.16, "humidity": 0.62, "pressure": 1027.36, "windSpeed": 2.03, "windGust": 3.32, "windBearing": 195, "cloudCover": 0.94, "uvIndex": 2, "visibility": 10, "ozone": 258}, {"time": 1572015600, "summary": "Overcast", "icon": "cloudy", "precipIntensity": 0, "precipProbability": 0, "temperature": 60.08, "apparentTemperature": 60.08, "dewPoint": 44.33, "humidity": 0.56, "pressure": 1027.13, "windSpeed": 2.42, "windGust": 4.15, "windBearing": 209, "cloudCover": 0.99, "uvIndex": 2, "visibility": 10, "ozone": 258.1}, {"time": 1572019200, "summary": "Overcast", "icon": "cloudy", "precipIntensity": 0, "precipProbability": 0, "temperature": 62.45, "apparentTemperature": 62.45, "dewPoint": 44.93, "humidity": 0.53, "pressure": 1026.69, "windSpeed": 3.2, "windGust": 5.01, "windBearing": 209, "cloudCover": 0.97, "uvIndex": 3, "visibility": 10, "ozone": 258.9}, {"time": 1572022800, "summary": "Overcast", "icon": "cloudy", "precipIntensity": 0, "precipProbability": 0, "temperature": 64.65, "apparentTemperature": 64.65, "dewPoint": 46.06, "humidity": 0.51, "pressure": 1025.87, "windSpeed": 4.19, "windGust": 5.94, "windBearing": 199, "cloudCover": 0.94, "uvIndex": 3, "visibility": 10, "ozone": 259.8}, {"time": 1572026400, "summary": "Overcast", "icon": "cloudy", "precipIntensity": 0, "precipProbability": 0, "temperature": 66.05, "apparentTemperature": 66.05, "dewPoint": 47.09, "humidity": 0.5, "pressure": 1025.13, "windSpeed": 5.06, "windGust": 6.88, "windBearing": 190, "cloudCover": 0.91, "uvIndex": 3, "visibility": 10, "ozone": 260.3}, {"time": 1572030000, "summary": "Mostly Cloudy", "icon": "partly-cloudy-day", "precipIntensity": 0, "precipProbability": 0, "temperature": 66.63, "apparentTemperature": 66.63, "dewPoint": 47.97, "humidity": 0.51, "pressure": 1024.22, "windSpeed": 5.77, "windGust": 8.04, "windBearing": 189, "cloudCover": 0.87, "uvIndex": 2, "visibility": 10, "ozone": 260.1}, {"time": 1572033600, "summary": "Mostly Cloudy", "icon": "partly-cloudy-day", "precipIntensity": 0, "precipProbability": 0, "temperature": 66.42, "apparentTemperature": 66.42, "dewPoint": 48.79, "humidity": 0.53, "pressure": 1023.28, "windSpeed": 6.43, "windGust": 9.27, "windBearing": 187, "cloudCover": 0.83, "uvIndex": 1, "visibility": 10, "ozone": 259.6}, {"time": 1572037200, "summary": "Mostly Cloudy", "icon": "partly-cloudy-day", "precipIntensity": 0, "precipProbability": 0, "temperature": 65.82, "apparentTemperature": 65.82, "dewPoint": 49.68, "humidity": 0.56, "pressure": 1022.59, "windSpeed": 6.71, "windGust": 9.83, "windBearing": 187, "cloudCover": 0.79, "uvIndex": 0, "visibility": 10, "ozone": 259.3}, {"time": 1572040800, "summary": "Mostly Cloudy", "icon": "partly-cloudy-night", "precipIntensity": 0, "precipProbability": 0, "temperature": 64.72, "apparentTemperature": 64.72, "dewPoint": 50.81, "humidity": 0.61, "pressure": 1022.48, "windSpeed": 6.27, "windGust": 8.91, "windBearing": 187, "cloudCover": 0.78, "uvIndex": 0, "visibility": 10, "ozone": 259.8}, {"time": 1572044400, "summary": "Mostly Cloudy", "icon": "partly-cloudy-night", "precipIntensity": 0, "precipProbability": 0, "temperature": 63.38, "apparentTemperature": 63.38, "dewPoint": 52.17, "humidity": 0.67, "pressure": 1022.65, "windSpeed": 5.46, "windGust": 7.38, "windBearing": 189, "cloudCover": 0.77, "uvIndex": 0, "visibility": 10, "ozone": 260.8}, {"time": 1572048000, "summary": "Mostly Cloudy", "icon": "partly-cloudy-night", "precipIntensity": 0, "precipProbability": 0, "temperature": 62.03, "apparentTemperature": 62.03, "dewPoint": 52.91, "humidity": 0.72, "pressure": 1022.74, "windSpeed": 4.92, "windGust": 7, "windBearing": 193, "cloudCover": 0.79, "uvIndex": 0, "visibility": 10, "ozone": 261.6}, {"time": 1572051600, "summary": "Mostly Cloudy", "icon": "partly-cloudy-night", "precipIntensity": 0, "precipProbability": 0, "temperature": 61.3, "apparentTemperature": 61.3, "dewPoint": 52.88, "humidity": 0.74, "pressure": 1022.5, "windSpeed": 4.99, "windGust": 8.94, "windBearing": 212, "cloudCover": 0.84, "uvIndex": 0, "visibility": 10, "ozone": 262.2}, {"time": 1572055200, "summary": "Overcast", "icon": "cloudy", "precipIntensity": 0, "precipProbability": 0, "temperature": 60.77, "apparentTemperature": 60.77, "dewPoint": 52.8, "humidity": 0.75, "pressure": 1022.88, "windSpeed": 5.24, "windGust": 12.01, "windBearing": 233, "cloudCover": 0.92, "uvIndex": 0, "visibility": 10, "ozone": 262.7}, {"time": 1572058800, "summary": "Overcast", "icon": "cloudy", "precipIntensity": 0, "precipProbability": 0, "temperature": 60.37, "apparentTemperature": 60.37, "dewPoint": 52.52, "humidity": 0.75, "pressure": 1022.68, "windSpeed": 5.49, "windGust": 14.33, "windBearing": 234, "cloudCover": 0.97, "uvIndex": 0, "visibility": 10, "ozone": 263.4}, {"time": 1572062400, "summary": "Overcast", "icon": "cloudy", "precipIntensity": 0.0002, "precipProbability": 0.02, "precipType": "rain", "temperature": 59.92, "apparentTemperature": 59.92, "dewPoint": 52.21, "humidity": 0.76, "pressure": 1022.52, "windSpeed": 5.72, "windGust": 15.18, "windBearing": 197, "cloudCover": 0.98, "uvIndex": 0, "visibility": 10, "ozone": 264.7}, {"time": 1572066000, "summary": "Overcast", "icon": "cloudy", "precipIntensity": 0.0003, "precipProbability": 0.02, "precipType": "rain", "temperature": 59.6, "apparentTemperature": 59.6, "dewPoint": 51.66, "humidity": 0.75, "pressure": 1022.33, "windSpeed": 5.99, "windGust": 15.32, "windBearing": 331, "cloudCover": 0.98, "uvIndex": 0, "visibility": 10, "ozone": 266.3}, {"time": 1572069600, "summary": "Overcast", "icon": "cloudy", "precipIntensity": 0.0003, "precipProbability": 0.02, "precipType": "rain", "temperature": 58.89, "apparentTemperature": 58.89, "dewPoint": 51.16, "humidity": 0.75, "pressure": 1022.25, "windSpeed": 6.17, "windGust": 15.11, "windBearing": 276, "cloudCover": 0.96, "uvIndex": 0, "visibility": 10, "ozone": 267.5}, {"time": 1572073200, "summary": "Overcast", "icon": "cloudy", "precipIntensity": 0.0002, "precipProbability": 0.01, "precipType": "rain", "temperature": 57.8, "apparentTemperature": 57.8, "dewPoint": 50.71, "humidity": 0.77, "pressure": 1022.43, "windSpeed": 6.17, "windGust": 14.43, "windBearing": 236, "cloudCover": 0.9, "uvIndex": 0, "visibility": 10, "ozone": 268.3}, {"time": 1572076800, "summary": "Mostly Cloudy", "icon": "partly-cloudy-night", "precipIntensity": 0, "precipProbability": 0, "temperature": 56.59, "apparentTemperature": 56.59, "dewPoint": 50.09, "humidity": 0.79, "pressure": 1022.62, "windSpeed": 6.13, "windGust": 13.48, "windBearing": 8, "cloudCover": 0.83, "uvIndex": 0, "visibility": 10, "ozone": 269}, {"time": 1572080400, "summary": "Mostly Cloudy", "icon": "partly-cloudy-night", "precipIntensity": 0, "precipProbability": 0, "temperature": 55.39, "apparentTemperature": 55.39, "dewPoint": 48.95, "humidity": 0.79, "pressure": 1022.81, "windSpeed": 6.16, "windGust": 12.76, "windBearing": 342, "cloudCover": 0.76, "uvIndex": 0, "visibility": 10, "ozone": 269.9}, {"time": 1572084000, "summary": "Mostly Cloudy", "icon": "partly-cloudy-night", "precipIntensity": 0, "precipProbability": 0, "temperature": 53.84, "apparentTemperature": 53.84, "dewPoint": 47.77, "humidity": 0.8, "pressure": 1023.23, "windSpeed": 6.25, "windGust": 12.43, "windBearing": 342, "cloudCover": 0.71, "uvIndex": 0, "visibility": 10, "ozone": 271.1}, {"time": 1572087600, "summary": "Mostly Cloudy", "icon": "partly-cloudy-night", "precipIntensity": 0, "precipProbability": 0, "temperature": 52.65, "apparentTemperature": 52.65, "dewPoint": 46.72, "humidity": 0.8, "pressure": 1023.27, "windSpeed": 6.4, "windGust": 12.26, "windBearing": 358, "cloudCover": 0.67, "uvIndex": 0, "visibility": 10, "ozone": 272.5}, {"time": 1572091200, "summary": "Mostly Cloudy", "icon": "partly-cloudy-day", "precipIntensity": 0, "precipProbability": 0, "temperature": 52.51, "apparentTemperature": 52.51, "dewPoint": 46.32, "humidity": 0.79, "pressure": 1023.87, "windSpeed": 6.55, "windGust": 12.16, "windBearing": 12, "cloudCover": 0.63, "uvIndex": 0, "visibility": 10, "ozone": 273.5}, {"time": 1572094800, "summary": "Mostly Cloudy", "icon": "partly-cloudy-day", "precipIntensity": 0, "precipProbability": 0, "temperature": 54.15, "apparentTemperature": 54.15, "dewPoint": 46.83, "humidity": 0.76, "pressure": 1024.52, "windSpeed": 6.82, "windGust": 12.41, "windBearing": 19, "cloudCover": 0.5, "uvIndex": 1, "visibility": 10, "ozone": 274}, {"time": 1572098400, "summary": "Partly Cloudy", "icon": "partly-cloudy-day", "precipIntensity": 0, "precipProbability": 0, "temperature": 57.03, "apparentTemperature": 57.03, "dewPoint": 46.44, "humidity": 0.68, "pressure": 1024.62, "windSpeed": 7.08, "windGust": 12.76, "windBearing": 23, "cloudCover": 0.35, "uvIndex": 2, "visibility": 10, "ozone": 274}, {"time": 1572102000, "summary": "Partly Cloudy", "icon": "partly-cloudy-day", "precipIntensity": 0.0003, "precipProbability": 0.01, "precipType": "rain", "temperature": 59.95, "apparentTemperature": 59.95, "dewPoint": 45.51, "humidity": 0.59, "pressure": 1024.74, "windSpeed": 7.06, "windGust": 12.41, "windBearing": 29, "cloudCover": 0.27, "uvIndex": 3, "visibility": 10, "ozone": 273.2}, {"time": 1572105600, "summary": "Partly Cloudy", "icon": "partly-cloudy-day", "precipIntensity": 0.0004, "precipProbability": 0.01, "precipType": "rain", "temperature": 61.79, "apparentTemperature": 61.79, "dewPoint": 44.45, "humidity": 0.53, "pressure": 1024.65, "windSpeed": 6.45, "windGust": 10.81, "windBearing": 38, "cloudCover": 0.35, "uvIndex": 3, "visibility": 10, "ozone": 270.9}, {"time": 1572109200, "summary": "Mostly Cloudy", "icon": "partly-cloudy-day", "precipIntensity": 0.0005, "precipProbability": 0.01, "precipType": "rain", "temperature": 63.59, "apparentTemperature": 63.59, "dewPoint": 43.84, "humidity": 0.49, "pressure": 1024.34, "windSpeed": 5.59, "windGust": 8.53, "windBearing": 48, "cloudCover": 0.5, "uvIndex": 3, "visibility": 10, "ozone": 267.9}, {"time": 1572112800, "summary": "Mostly Cloudy", "icon": "partly-cloudy-day", "precipIntensity": 0.0005, "precipProbability": 0.01, "precipType": "rain", "temperature": 64.71, "apparentTemperature": 64.71, "dewPoint": 43.61, "humidity": 0.46, "pressure": 1024.08, "windSpeed": 5.01, "windGust": 6.64, "windBearing": 61, "cloudCover": 0.62, "uvIndex": 3, "visibility": 10, "ozone": 265.4}, {"time": 1572116400, "summary": "Mostly Cloudy", "icon": "partly-cloudy-day", "precipIntensity": 0.0003, "precipProbability": 0.01, "precipType": "rain", "temperature": 64.96, "apparentTemperature": 64.96, "dewPoint": 43.83, "humidity": 0.46, "pressure": 1023.65, "windSpeed": 4.97, "windGust": 5.41, "windBearing": 81, "cloudCover": 0.63, "uvIndex": 2, "visibility": 10, "ozone": 264.4}, {"time": 1572120000, "summary": "Mostly Cloudy", "icon": "partly-cloudy-day", "precipIntensity": 0.0002, "precipProbability": 0.01, "precipType": "rain", "temperature": 64.24, "apparentTemperature": 64.24, "dewPoint": 44.45, "humidity": 0.49, "pressure": 1023.36, "windSpeed": 5.25, "windGust": 5.25, "windBearing": 104, "cloudCover": 0.63, "uvIndex": 1, "visibility": 10, "ozone": 264}, {"time": 1572123600, "summary": "Mostly Cloudy", "icon": "partly-cloudy-day", "precipIntensity": 0, "precipProbability": 0, "temperature": 63.28, "apparentTemperature": 63.28, "dewPoint": 45.41, "humidity": 0.52, "pressure": 1023.21, "windSpeed": 5.61, "windGust": 5.61, "windBearing": 122, "cloudCover": 0.65, "uvIndex": 0, "visibility": 10, "ozone": 263.4}, {"time": 1572127200, "summary": "Mostly Cloudy", "icon": "partly-cloudy-night", "precipIntensity": 0.0002, "precipProbability": 0.01, "precipType": "rain", "temperature": 61.59, "apparentTemperature": 61.59, "dewPoint": 46.93, "humidity": 0.59, "pressure": 1023.45, "windSpeed": 6.07, "windGust": 6.1, "windBearing": 128, "cloudCover": 0.7, "uvIndex": 0, "visibility": 10, "ozone": 262.3}, {"time": 1572130800, "summary": "Mostly Cloudy", "icon": "partly-cloudy-night", "precipIntensity": 0.0007, "precipProbability": 0.01, "precipType": "rain", "temperature": 59.89, "apparentTemperature": 59.89, "dewPoint": 49.05, "humidity": 0.67, "pressure": 1023.97, "windSpeed": 6.61, "windGust": 8.25, "windBearing": 128, "cloudCover": 0.77, "uvIndex": 0, "visibility": 10, "ozone": 261.1}]}, "daily": {"summary": "Rain on Sunday and next Thursday, with high temperatures peaking at 69\u00b0F on Wednesday.", "icon": "rain", "data": [{"time": 1571889600, "summary": "Clear throughout the day.", "icon": "clear-day", "sunriseTime": 1571915894, "sunsetTime": 1571954669, "moonPhase": 0.88, "precipIntensity": 0.0001, "precipIntensityMax": 0.0012, "precipIntensityMaxTime": 1571958000, "precipProbability": 0.02, "precipType": "rain", "temperatureHigh": 68.48, "temperatureHighTime": 1571943600, "temperatureLow": 49.83, "temperatureLowTime": 1572001200, "apparentTemperatureHigh": 67.81, "apparentTemperatureHighTime": 1571943600, "apparentTemperatureLow": 50.48, "apparentTemperatureLowTime": 1572001200, "dewPoint": 39.41, "humidity": 0.54, "pressure": 1025.39, "windSpeed": 4.4, "windGust": 17.16, "windGustTime": 1571968800, "windBearing": 211, "cloudCover": 0, "uvIndex": 4, "uvIndexTime": 1571936400, "visibility": 9.245, "ozone": 259.6, "temperatureMin": 45.15, "temperatureMinTime": 1571914800, "temperatureMax": 68.48, "temperatureMaxTime": 1571943600, "apparentTemperatureMin": 45.8, "apparentTemperatureMinTime": 1571914800, "apparentTemperatureMax": 67.81, "apparentTemperatureMaxTime": 1571943600}, {"time": 1571976000, "summary": "Mostly cloudy throughout the day.", "icon": "cloudy", "sunriseTime": 1572002363, "sunsetTime": 1572040987, "moonPhase": 0.92, "precipIntensity": 0.0002, "precipIntensityMax": 0.0012, "precipIntensityMaxTime": 1571979600, "precipProbability": 0.03, "precipType": "rain", "temperatureHigh": 67.3, "temperatureHighTime": 1572030000, "temperatureLow": 51.86, "temperatureLowTime": 1572091200, "apparentTemperatureHigh": 66.63, "apparentTemperatureHighTime": 1572030000, "apparentTemperatureLow": 52.51, "apparentTemperatureLowTime": 1572091200, "dewPoint": 47.57, "humidity": 0.67, "pressure": 1025.2, "windSpeed": 4.15, "windGust": 15.18, "windGustTime": 1572062400, "windBearing": 210, "cloudCover": 0.67, "uvIndex": 3, "uvIndexTime": 1572022800, "visibility": 10, "ozone": 259.2, "temperatureMin": 49.83, "temperatureMinTime": 1572001200, "temperatureMax": 67.3, "temperatureMaxTime": 1572030000, "apparentTemperatureMin": 50.48, "apparentTemperatureMinTime": 1572001200, "apparentTemperatureMax": 66.63, "apparentTemperatureMaxTime": 1572030000}, {"time": 1572062400, "summary": "Mostly cloudy throughout the day.", "icon": "partly-cloudy-day", "sunriseTime": 1572088832, "sunsetTime": 1572127306, "moonPhase": 0.96, "precipIntensity": 0.0004, "precipIntensityMax": 0.0022, "precipIntensityMaxTime": 1572148800, "precipProbability": 0.16, "precipType": "rain", "temperatureHigh": 65.63, "temperatureHighTime": 1572116400, "temperatureLow": 56.86, "temperatureLowTime": 1572141600, "apparentTemperatureHigh": 64.96, "apparentTemperatureHighTime": 1572116400, "apparentTemperatureLow": 57.51, "apparentTemperatureLowTime": 1572141600, "dewPoint": 48.13, "humidity": 0.69, "pressure": 1023.56, "windSpeed": 6.35, "windGust": 15.32, "windGustTime": 1572066000, "windBearing": 67, "cloudCover": 0.72, "uvIndex": 3, "uvIndexTime": 1572105600, "visibility": 10, "ozone": 266.3, "temperatureMin": 51.86, "temperatureMinTime": 1572091200, "temperatureMax": 65.63, "temperatureMaxTime": 1572116400, "apparentTemperatureMin": 52.51, "apparentTemperatureMinTime": 1572091200, "apparentTemperatureMax": 64.96, "apparentTemperatureMaxTime": 1572116400}, {"time": 1572148800, "summary": "Rain until evening.", "icon": "rain", "sunriseTime": 1572175301, "sunsetTime": 1572213626, "moonPhase": 1, "precipIntensity": 0.0503, "precipIntensityMax": 0.1619, "precipIntensityMaxTime": 1572199200, "precipProbability": 0.99, "precipType": "rain", "temperatureHigh": 67.87, "temperatureHighTime": 1572217200, "temperatureLow": 56.39, "temperatureLowTime": 1572264000, "apparentTemperatureHigh": 68.1, "apparentTemperatureHighTime": 1572217200, "apparentTemperatureLow": 57.04, "apparentTemperatureLowTime": 1572264000, "dewPoint": 59.21, "humidity": 0.88, "pressure": 1015, "windSpeed": 12.72, "windGust": 37.01, "windGustTime": 1572195600, "windBearing": 150, "cloudCover": 0.9, "uvIndex": 3, "uvIndexTime": 1572195600, "visibility": 9.125, "ozone": 255.3, "temperatureMin": 57.37, "temperatureMinTime": 1572148800, "temperatureMax": 67.87, "temperatureMaxTime": 1572217200, "apparentTemperatureMin": 58.02, "apparentTemperatureMinTime": 1572148800, "apparentTemperatureMax": 68.1, "apparentTemperatureMaxTime": 1572217200}, {"time": 1572235200, "summary": "Partly cloudy throughout the day.", "icon": "partly-cloudy-day", "sunriseTime": 1572261770, "sunsetTime": 1572299948, "moonPhase": 0.03, "precipIntensity": 0.0004, "precipIntensityMax": 0.0031, "precipIntensityMaxTime": 1572235200, "precipProbability": 0.17, "precipType": "rain", "temperatureHigh": 68.29, "temperatureHighTime": 1572292800, "temperatureLow": 56.86, "temperatureLowTime": 1572343200, "apparentTemperatureHigh": 67.62, "apparentTemperatureHighTime": 1572292800, "apparentTemperatureLow": 57.51, "apparentTemperatureLowTime": 1572343200, "dewPoint": 55.85, "humidity": 0.8, "pressure": 1016.62, "windSpeed": 5.72, "windGust": 18.67, "windGustTime": 1572249600, "windBearing": 341, "cloudCover": 0.29, "uvIndex": 4, "uvIndexTime": 1572282000, "visibility": 10, "ozone": 251.9, "temperatureMin": 56.39, "temperatureMinTime": 1572264000, "temperatureMax": 68.29, "temperatureMaxTime": 1572292800, "apparentTemperatureMin": 57.04, "apparentTemperatureMinTime": 1572264000, "apparentTemperatureMax": 67.62, "apparentTemperatureMaxTime": 1572292800}, {"time": 1572321600, "summary": "Overcast throughout the day.", "icon": "partly-cloudy-day", "sunriseTime": 1572348240, "sunsetTime": 1572386271, "moonPhase": 0.07, "precipIntensity": 0.0027, "precipIntensityMax": 0.0086, "precipIntensityMaxTime": 1572372000, "precipProbability": 0.35, "precipType": "rain", "temperatureHigh": 64.64, "temperatureHighTime": 1572382800, "temperatureLow": 60.54, "temperatureLowTime": 1572426000, "apparentTemperatureHigh": 63.97, "apparentTemperatureHighTime": 1572382800, "apparentTemperatureLow": 61.19, "apparentTemperatureLowTime": 1572426000, "dewPoint": 55.93, "humidity": 0.84, "pressure": 1019.38, "windSpeed": 5.2, "windGust": 11.82, "windGustTime": 1572364800, "windBearing": 49, "cloudCover": 0.89, "uvIndex": 3, "uvIndexTime": 1572368400, "visibility": 10, "ozone": 247, "temperatureMin": 56.86, "temperatureMinTime": 1572343200, "temperatureMax": 64.64, "temperatureMaxTime": 1572382800, "apparentTemperatureMin": 57.51, "apparentTemperatureMinTime": 1572343200, "apparentTemperatureMax": 63.97, "apparentTemperatureMaxTime": 1572382800}, {"time": 1572408000, "summary": "Overcast throughout the day.", "icon": "cloudy", "sunriseTime": 1572434710, "sunsetTime": 1572472595, "moonPhase": 0.11, "precipIntensity": 0.0009, "precipIntensityMax": 0.0038, "precipIntensityMaxTime": 1572494400, "precipProbability": 0.17, "precipType": "rain", "temperatureHigh": 69.87, "temperatureHighTime": 1572458400, "temperatureLow": 50.55, "temperatureLowTime": 1572516000, "apparentTemperatureHigh": 69.2, "apparentTemperatureHighTime": 1572458400, "apparentTemperatureLow": 51.2, "apparentTemperatureLowTime": 1572516000, "dewPoint": 54.73, "humidity": 0.76, "pressure": 1018.29, "windSpeed": 6.17, "windGust": 27.58, "windGustTime": 1572490800, "windBearing": 251, "cloudCover": 0.88, "uvIndex": 3, "uvIndexTime": 1572454800, "visibility": 10, "ozone": 260.1, "temperatureMin": 53.98, "temperatureMinTime": 1572494400, "temperatureMax": 69.87, "temperatureMaxTime": 1572458400, "apparentTemperatureMin": 54.63, "apparentTemperatureMinTime": 1572494400, "apparentTemperatureMax": 69.2, "apparentTemperatureMaxTime": 1572458400}, {"time": 1572494400, "summary": "Partly cloudy throughout the day.", "icon": "rain", "sunriseTime": 1572521181, "sunsetTime": 1572558921, "moonPhase": 0.14, "precipIntensity": 0.0306, "precipIntensityMax": 0.1966, "precipIntensityMaxTime": 1572577200, "precipProbability": 0.42, "precipType": "rain", "temperatureHigh": 61.83, "temperatureHighTime": 1572559200, "temperatureLow": 43.9, "temperatureLowTime": 1572609600, "apparentTemperatureHigh": 61.16, "apparentTemperatureHighTime": 1572559200, "apparentTemperatureLow": 39.61, "apparentTemperatureLowTime": 1572609600, "dewPoint": 43.82, "humidity": 0.64, "pressure": 1019.07, "windSpeed": 10.13, "windGust": 27.08, "windGustTime": 1572494400, "windBearing": 259, "cloudCover": 0.3, "uvIndex": 3, "uvIndexTime": 1572541200, "visibility": 10, "ozone": 300.1, "temperatureMin": 50.55, "temperatureMinTime": 1572516000, "temperatureMax": 61.83, "temperatureMaxTime": 1572559200, "apparentTemperatureMin": 51.2, "apparentTemperatureMinTime": 1572516000, "apparentTemperatureMax": 61.16, "apparentTemperatureMaxTime": 1572559200}]}, "flags": {"sources": ["nwspa", "cmc", "gfs", "hrrr", "icon", "isd", "madis", "nam", "sref", "darksky", "nearest-precip"], "nearest-station": 0.816, "units": "us"}, "offset": -4}