{"latitude": 40.7128, "longitude": -74.006, "timezone": "America/New_York", "currently": {"time": 1571859345, "summary": "Clear", "icon": "clear-day", "nearestStormDistance": 5, "nearestStormBearing": 282, "precipIntensity": 0, "precipProbability": 0, "temperature": 65.35, "apparentTemperature": 65.35, "dewPoint": 35.41, "humidity": 0.33, "pressure": 1014.83, "windSpeed": 10.18, "windGust": 10.77, "windBearing": 275, "cloudCover": 0.01, "uvIndex": 2, "visibility": 10, "ozone": 259.4}, "minutely": {"summary": "Clear for the hour.", "icon": "clear-day", "data": [{"time": 1571859300, "precipIntensity": 0, "precipProbability": 0}, {"time": 1571859360, "precipIntensity": 0, "precipProbability": 0}, {"time": 1571859420, "precipIntensity": 0, "precipProbability": 0}, {"time": 1571859480, "precipIntensity": 0, "precipProbability": 0}, {"time": 1571859540, "precipIntensity": 0, "precipProbability": 0}, {"time": 1571859600, "precipIntensity": 0, "precipProbability": 0}, {"time": 1571859660, "precipIntensity": 0, "precipProbability": 0}, {"time": 1571859720, "precipIntensity": 0, "precipProbability": 0}, {"time": 1571859780, "precipIntensity": 0, "precipProbability": 0}, {"time": 1571859840, "precipIntensity": 0, "precipProbability": 0}, {"time": 1571859900, "precipIntensity": 0, "precipProbability": 0}, {"time": 1571859960, "precipIntensity": 0, "precipProbability": 0}, {"time": 1571860020, "precipIntensity": 0, "precipProbability": 0}, {"time": 1571860080, "precipIntensity": 0, "precipProbability": 0}, {"time": 1571860140, "precipIntensity": 0, "precipProbability": 0}, {"time": 1571860200, "precipIntensity": 0, "precipProbability": 0}, {"time": 1571860260, "precipIntensity": 0, "precipProbability": 0}, {"time": 1571860320, "precipIntensity": 0, "precipProbability": 0}, {"time": 1571860380, "precipIntensity": 0, "precipProbability": 0}, {"time": 1571860440, "precipIntensity": 0, "precipProbability": 0}, {"time": 1571860500, "precipIntensity": 0, "precipProbability": 0}, {"time": 1571860560, "precipIntensity": 0, "precipProbability": 0}, {"time": 1571860620, "precipIntensity": 0, "precipProbability": 0}, {"time": 1571860680, "precipIntensity": 0, "precipProbability": 0}, {"time": 1571860740, "precipIntensity": 0, "precipProbability": 0}, {"time": 1571860800, "precipIntensity": 0, "precipProbability": 0}, {"time": 1571860860, "precipIntensity": 0, "precipProbability": 0}, {"time": 1571860920, "precipIntensity": 0, "precipProbability": 0}, {"time": 1571860980, "precipIntensity": 0, "precipProbability": 0}, {"time": 1571861040, "precipIntensity": 0, "precipProbability": 0}, {"time": 1571861100, "precipIntensity": 0, "precipProbability": 0}, {"time": 1571861160, "precipIntensity": 0, "precipProbability": 0}, {"time": 1571861220, "precipIntensity": 0, "precipProbability": 0}, {"time": 1571861280, "precipIntensity": 0, "precipProbability": 0}, {"time": 1571861340, "precipIntensity": 0, "precipProbability": 0}, {"time": 1571861400, "precipIntensity": 0, "precipProbability": 0}, {"time": 1571861460, "precipIntensity": 0, "precipProbability": 0}, {"time": 1571861520, "precipIntensity": 0, "precipProbability": 0}, {"time": 1571861580, "precipIntensity": 0, "precipProbability": 0}, {"time": 1571861640, "precipIntensity": 0, "precipProbability": 0}, {"time": 1571861700, "precipIntensity": 0, "precipProbability": 0}, {"time": 1571861760, "precipIntensity": 0, "precipProbability": 0}, {"time": 1571861820, "precipIntensity": 0, "precipProbability": 0}, {"time": 1571861880, "precipIntensity": 0, "precipProbability": 0}, {"time": 1571861940, "precipIntensity": 0, "precipProbability": 0}, {"time": 1571862000, "precipIntensity": 0, "precipProbability": 0}, {"time": 1571862060, "precipIntensity": 0, "precipProbability": 0}, {"time": 1571862120, "precipIntensity": 0, "precipProbability": 0}, {"time": 1571862180, "precipIntensity": 0, "precipProbability": 0}, {"time": 1571862240, "precipIntensity": 0, "precipProbability": 0}, {"time": 1571862300, "precipIntensity": 0, "precipProbability": 0}, {"time": 1571862360, "precipIntensity": 0, "precipProbability": 0}, {"time": 1571862420, "precipIntensity": 0, "precipProbability": 0}, {"time": 1571862480, "precipIntensity": 0, "precipProbability": 0}, {"time": 1571862540, "precipIntensity": 0, "precipProbability": 0}, {"time": 1571862600, "precipIntensity": 0, "precipProbability": 0}, {"time": 1571862660, "precipIntensity": 0, "precipProbability": 0}, {"time": 1571862720, "precipIntensity": 0, "precipProbability": 0}, {"time": 1571862780, "precipIntensity": 0, "precipProbability": 0}, {"time": 1571862840, "precipIntensity": 0, "precipProbability": 0}, {"time": 1571862900, "precipIntensity": 0, "precipProbability": 0}]}, "hourly": {"summary": "Clear throughout the day.", "icon": "clear-day", "data": [{"time": 1571857200, "summary": "Clear", "icon": "clear-day", "precipIntensity": 0, "precipProbability": 0, "temperature": 65.34, "apparentTemperature": 65.34, "dewPoint": 35.53, "humidity": 0.33, "pressure": 1014.32, "windSpeed": 9.82, "windGust": 10.35, "windBearing": 310, "cloudCover": 0.04, "uvIndex": 2, "visibility": 10, "ozone": 260}, {"time": 1571860800, "summary": "Clear", "icon": "clear-day", "precipIntensity": 0, "precipProbability": 0, "temperature": 65.27, "apparentTemperature": 65.27, "dewPoint": 35.66, "humidity": 0.33, "pressure": 1015.27, "windSpeed": 10.56, "windGust": 11.61, "windBearing": 256, "cloudCover": 0, "uvIndex": 1, "visibility": 10, "ozone": 259.1}, {"time": 1571864400, "summary": "Clear", "icon": "clear-day", "precipIntensity": 0, "precipProbability": 0, "temperature": 64.55, "apparentTemperature": 64.55, "dewPoint": 37.83, "humidity": 0.37, "pressure": 1016.51, "windSpeed": 11.71, "windGust": 16.9, "windBearing": 276, "cloudCover": 0, "uvIndex": 0, "visibility": 10, "ozone": 258.7}, {"time": 1571868000, "summary": "Clear", "icon": "clear-night", "precipIntensity": 0, "precipProbability": 0, "temperature": 63.14, "apparentTemperature": 63.14, "dewPoint": 40.15, "humidity": 0.43, "pressure": 1017.5, "windSpeed": 11.14, "windGust": 20.35, "windBearing": 270, "cloudCover": 0, "uvIndex": 0, "visibility": 10, "ozone": 259.2}, {"time": 1571871600, "summary": "Clear", "icon": "clear-night", "precipIntensity": 0.0009, "precipProbability": 0.01, "precipType": "rain", "temperature": 61.15, "apparentTemperature": 61.15, "dewPoint": 41.93, "humidity": 0.49, "pressure": 1019.24, "windSpeed": 9.61, "windGust": 18.2, "windBearing": 279, "cloudCover": 0.01, "uvIndex": 0, "visibility": 10, "ozone": 260.2}, {"time": 1571875200, "summary": "Clear", "icon": "clear-night", "precipIntensity": 0, "precipProbability": 0, "temperature": 59.03, "apparentTemperature": 59.03, "dewPoint": 43.32, "humidity": 0.56, "pressure": 1020.28, "windSpeed": 8.83, "windGust": 16.72, "windBearing": 270, "cloudCover": 0.01, "uvIndex": 0, "visibility": 10, "ozone": 261.1}, {"time": 1571878800, "summary": "Clear", "icon": "clear-night", "precipIntensity": 0, "precipProbability": 0, "temperature": 57.56, "apparentTemperature": 57.56, "dewPoint": 43.94, "humidity": 0.6, "pressure": 1021.14, "windSpeed": 8.51, "windGust": 17.52, "windBearing": 265, "cloudCover": 0, "uvIndex": 0, "visibility": 10, "ozone": 261.6}, {"time": 1571882400, "summary": "Clear", "icon": "clear-night", "precipIntensity": 0.0016, "precipProbability": 0.01, "precipType": "rain", "temperature": 56.57, "apparentTemperature": 56.57, "dewPoint": 43.27, "humidity": 0.61, "pressure": 1021.83, "windSpeed": 8.08, "windGust": 16.18, "windBearing": 278, "cloudCover": 0, "uvIndex": 0, "visibility": 10, "ozone": 261.9}, {"time": 1571886000, "summary": "Clear", "icon": "clear-night", "precipIntensity": 0, "precipProbability": 0, "temperature": 55.6, "apparentTemperature": 55.6, "dewPoint": 42.47, "humidity": 0.61, "pressure": 1022.51, "windSpeed": 7.6, "windGust": 14.33, "windBearing": 278, "cloudCover": 0, "uvIndex": 0, "visibility": 10, "ozone": 261.9}, {"time": 1571889600, "summary": "Clear", "icon": "clear-night", "precipIntensity": 0, "precipProbability": 0, "temperature": 54.75, "apparentTemperature": 54.75, "dewPoint": 41.7, "humidity": 0.61, "pressure": 1023.13, "windSpeed": 7.22, "windGust": 13.19, "windBearing": 268, "cloudCover": 0, "uvIndex": 0, "visibility": 10, "ozone": 261.3}, {"time": 1571893200, "summary": "Clear", "icon": "clear-night", "precipIntensity": 0, "precipProbability": 0, "temperature": 53.9, "apparentTemperature": 53.9, "dewPoint": 40.99, "humidity": 0.62, "pressure": 1023.52, "windSpeed": 6.69, "windGust": 12.59, "windBearing": 283, "cloudCover": 0, "uvIndex": 0, "visibility": 10, "ozone": 260.4}, {"time": 1571896800, "summary": "Clear", "icon": "clear-night", "precipIntensity": 0.0006, "precipProbability": 0.01, "precipType": "rain", "temperature": 52.92, "apparentTemperature": 52.92, "dewPoint": 40.42, "humidity": 0.62, "pressure": 1024.22, "windSpeed": 6.03, "windGust": 11.61, "windBearing": 279, "cloudCover": 0, "uvIndex": 0, "visibility": 10, "ozone": 259.4}, {"time": 1571900400, "summary": "Clear", "icon": "clear-night", "precipIntensity": 0, "precipProbability": 0, "temperature": 52.07, "apparentTemperature": 52.07, "dewPoint": 40.11, "humidity": 0.64, "pressure": 1024.25, "windSpeed": 5.54, "windGust": 10.54, "windBearing": 314, "cloudCover": 0, "uvIndex": 0, "visibility": 10, "ozone": 258.1}, {"time": 1571904000, "summary": "Clear", "icon": "clear-night", "precipIntensity": 0.0011, "precipProbability": 0.01, "precipType": "rain", "temperature": 51.2, "apparentTemperature": 51.2, "dewPoint": 39.96, "humidity": 0.65, "pressure": 1024.85, "windSpeed": 5.06, "windGust": 10.21, "windBearing": 221, "cloudCover": 0, "uvIndex": 0, "visibility": 10, "ozone": 256.5}, {"time": 1571907600, "summary": "Clear", "icon": "clear-night", "precipIntensity": 0.0006, "precipProbability": 0.01, "precipType": "rain", "temperature": 50.16, "apparentTemperature": 50.16, "dewPoint": 39.97, "humidity": 0.68, "pressure": 1025.35, "windSpeed": 4.55, "windGust": 9.62, "windBearing": 268, "cloudCover": 0, "uvIndex": 0, "visibility": 10, "ozone": 255.8}, {"time": 1571911200, "summary": "Clear", "icon": "clear-night", "precipIntensity": 0.0002, "precipProbability": 0.01, "precipType": "rain", "temperature": 49.31, "apparentTemperature": 48.14, "dewPoint": 38.29, "humidity": 0.66, "pressure": 1025.89, "windSpeed": 3.91, "windGust": 8.16, "windBearing": 306, "cloudCover": 0, "uvIndex": 0, "visibility": 10, "ozone": 256.4}, {"time": 1571914800, "summary": "Clear", "icon": "clear-night", "precipIntensity": 0, "precipProbability": 0, "temperature": 48.76, "apparentTemperature": 47.39, "dewPoint": 38.77, "humidity": 0.68, "pressure": 1026.17, "windSpeed": 4.06, "windGust": 8.43, "windBearing": 227, "cloudCover": 0, "uvIndex": 0, "visibility": 10, "ozone": 257.9}, {"time": 1571918400, "summary": "Clear", "icon": "clear-day", "precipIntensity": 0, "precipProbability": 0, "temperature": 49.48, "apparentTemperature": 48.06, "dewPoint": 38.98, "humidity": 0.67, "pressure": 1026.66, "windSpeed": 4.3, "windGust": 8.81, "windBearing": 249, "cloudCover": 0, "uvIndex": 0, "visibility": 10, "ozone": 258.9}, {"time": 1571922000, "summary": "Clear", "icon": "clear-day", "precipIntensity": 0, "precipProbability": 0, "temperature": 52.4, "apparentTemperature": 52.4, "dewPoint": 38.89, "humidity": 0.6, "pressure": 1027.18, "windSpeed": 4.51, "windGust": 9.11, "windBearing": 250, "cloudCover": 0, "uvIndex": 1, "visibility": 10, "ozone": 259.2}, {"time": 1571925600, "summary": "Clear", "icon": "clear-day", "precipIntensity": 0.0002, "precipProbability": 0.01, "precipType": "rain", "temperature": 56.7, "apparentTemperature": 56.7, "dewPoint": 38.68, "humidity": 0.51, "pressure": 1027.77, "windSpeed": 4.8, "windGust": 9.51, "windBearing": 239, "cloudCover": 0, "uvIndex": 2, "visibility": 10, "ozone": 259.2}, {"time": 1571929200, "summary": "Clear", "icon": "clear-day", "precipIntensity": 0.0002, "precipProbability": 0.01, "precipType": "rain", "temperature": 60.32, "apparentTemperature": 60.32, "dewPoint": 38.47, "humidity": 0.44, "pressure": 1027.98, "windSpeed": 5.28, "windGust": 10.15, "windBearing": 228, "cloudCover": 0, "uvIndex": 3, "visibility": 10, "ozone": 258.9}, {"time": 1571932800, "summary": "Clear", "icon": "clear-day", "precipIntensity": 0, "precipProbability": 0, "temperature": 63.06, "apparentTemperature": 63.06, "dewPoint": 38.58, "humidity": 0.4, "pressure": 1027.82, "windSpeed": 6.1, "windGust": 11.29, "windBearing": 224, "cloudCover": 0, "uvIndex": 4, "visibility": 10, "ozone": 258.5}, {"time": 1571936400, "summary": "Clear", "icon": "clear-day", "precipIntensity": 0, "precipProbability": 0, "temperature": 65.11, "apparentTemperature": 65.11, "dewPoint": 38.97, "humidity": 0.38, "pressure": 1027.39, "windSpeed": 7.1, "windGust": 12.64, "windBearing": 222, "cloudCover": 0, "uvIndex": 4, "visibility": 10, "ozone": 257.9}, {"time": 1571940000, "summary": "Clear", "icon": "clear-day", "precipIntensity": 0, "precipProbability": 0, "temperature": 66.96, "apparentTemperature": 66.96, "dewPoint": 39.63, "humidity": 0.37, "pressure": 1026.98, "windSpeed": 7.84, "windGust": 13.55, "windBearing": 218, "cloudCover": 0, "uvIndex": 4, "visibility": 10, "ozone": 257.6}, {"time": 1571943600, "summary": "Clear", "icon": "clear-day", "precipIntensity": 0, "precipProbability": 0, "temperature": 67.98, "apparentTemperature": 67.98, "dewPoint": 40.62, "humidity": 0.37, "pressure": 1026.55, "windSpeed": 8.07, "windGust": 13.58, "windBearing": 215, "cloudCover": 0, "uvIndex": 2, "visibility": 10, "ozone": 257.7}, {"time": 1571947200, "summary": "Clear", "icon": "clear-day", "precipIntensity": 0, "precipProbability": 0, "temperature": 68.32, "apparentTemperature": 68.32, "dewPoint": 41.79, "humidity": 0.38, "pressure": 1026.16, "windSpeed": 8.01, "windGust": 13.21, "windBearing": 211, "cloudCover": 0, "uvIndex": 1, "visibility": 10, "ozone": 258.2}, {"time": 1571950800, "summary": "Clear", "icon": "clear-day", "precipIntensity": 0, "precipProbability": 0, "temperature": 67.68, "apparentTemperature": 67.68, "dewPoint": 42.95, "humidity": 0.41, "pressure": 1025.62, "windSpeed": 7.84, "windGust": 13.1, "windBearing": 207, "cloudCover": 0, "uvIndex": 0, "visibility": 10, "ozone": 258.5}, {"time": 1571954400, "summary": "Clear", "icon": "clear-night", "precipIntensity": 0, "precipProbability": 0, "temperature": 65.95, "apparentTemperature": 65.95, "dewPoint": 44.33, "humidity": 0.46, "pressure": 1026.26, "windSpeed": 7.51, "windGust": 13.58, "windBearing": 206, "cloudCover": 0, "uvIndex": 0, "visibility": 10, "ozone": 258.5}, {"time": 1571958000, "summary": "Clear", "icon": "clear-night", "precipIntensity": 0, "precipProbability": 0, "temperature": 63.56, "apparentTemperature": 63.56, "dewPoint": 45.95, "humidity": 0.53, "pressure": 1026.85, "windSpeed": 7.1, "windGust": 14.32, "windBearing": 204, "cloudCover": 0, "uvIndex": 0, "visibility": 10, "ozone": 258.4}, {"time": 1571961600, "summary": "Clear", "icon": "clear-night", "precipIntensity": 0, "precipProbability": 0, "temperature": 61.38, "apparentTemperature": 61.38, "dewPoint": 47.16, "humidity": 0.6, "pressure": 1027.41, "windSpeed": 6.85, "windGust": 15.2, "windBearing": 205, "cloudCover": 0, "uvIndex": 0, "visibility": 10, "ozone": 258.2}, {"time": 1571965200, "summary": "Clear", "icon": "clear-night", "precipIntensity": 0, "precipProbability": 0, "temperature": 59.78, "apparentTemperature": 59.78, "dewPoint": 47.31, "humidity": 0.63, "pressure": 1027.39, "windSpeed": 7.03, "windGust": 16.53, "windBearing": 208, "cloudCover": 0, "uvIndex": 0, "visibility": 10, "ozone": 257.4}, {"time": 1571968800, "summary": "Clear", "icon": "clear-night", "precipIntensity": 0, "precipProbability": 0, "temperature": 58.69, "apparentTemperature": 58.69, "dewPoint": 46.91, "humidity": 0.65, "pressure": 1027.27, "windSpeed": 7.4, "windGust": 18.02, "windBearing": 215, "cloudCover": 0, "uvIndex": 0, "visibility": 10, "ozone": 256.6}, {"time": 1571972400, "summary": "Clear", "icon": "clear-night", "precipIntensity": 0, "precipProbability": 0, "temperature": 57.8, "apparentTemperature": 57.8, "dewPoint": 46.32, "humidity": 0.66, "pressure": 1027.16, "windSpeed": 7.44, "windGust": 18.59, "windBearing": 221, "cloudCover": 0, "uvIndex": 0, "visibility": 10, "ozone": 255.8}, {"time": 1571976000, "summary": "Clear", "icon": "clear-night", "precipIntensity": 0, "precipProbability": 0, "temperature": 57.11, "apparentTemperature": 57.11, "dewPoint": 45.56, "humidity": 0.65, "pressure": 1026.97, "windSpeed": 6.95, "windGust": 17.7, "windBearing": 230, "cloudCover": 0.01, "uvIndex": 0, "visibility": 10, "ozone": 255.4}, {"time": 1571979600, "summary": "Clear", "icon": "clear-night", "precipIntensity": 0, "precipProbability": 0, "temperature": 56.59, "apparentTemperature": 56.59, "dewPoint": 44.64, "humidity": 0.64, "pressure": 1026.89, "windSpeed": 6.13, "windGust": 15.89, "windBearing": 240, "cloudCover": 0.03, "uvIndex": 0, "visibility": 10, "ozone": 255.3}, {"time": 1571983200, "summary": "Clear", "icon": "clear-night", "precipIntensity": 0, "precipProbability": 0, "temperature": 55.87, "apparentTemperature": 55.87, "dewPoint": 44.02, "humidity": 0.64, "pressure": 1027.07, "windSpeed": 5.34, "windGust": 13.64, "windBearing": 239, "cloudCover": 0.04, "uvIndex": 0, "visibility": 10, "ozone": 255.1}, {"time": 1571986800, "summary": "Clear", "icon": "clear-night", "precipIntensity": 0, "precipProbability": 0, "temperature": 54.9, "apparentTemperature": 54.9, "dewPoint": 43.99, "humidity": 0.67, "pressure": 1026.85, "windSpeed": 4.65, "windGust": 10.71, "windBearing": 220, "cloudCover": 0.08, "uvIndex": 0, "visibility": 10, "ozone": 254.9}, {"time": 1571990400, "summary": "Partly Cloudy", "icon": "partly-cloudy-night", "precipIntensity": 0, "precipProbability": 0, "temperature": 53.9, "apparentTemperature": 53.9, "dewPoint": 44.33, "humidity": 0.7, "pressure": 1027.17, "windSpeed": 4, "windGust": 7.37, "windBearing": 262, "cloudCover": 0.14, "uvIndex": 0, "visibility": 10, "ozone": 254.8}, {"time": 1571994000, "summary": "Partly Cloudy", "icon": "partly-cloudy-night", "precipIntensity": 0.0002, "precipProbability": 0.01, "precipType": "rain", "temperature": 52.39, "apparentTemperature": 52.39, "dewPoint": 44.74, "humidity": 0.75, "pressure": 1027.27, "windSpeed": 3.54, "windGust": 5.02, "windBearing": 257, "cloudCover": 0.19, "uvIndex": 0, "visibility": 10, "ozone": 255}, {"time": 1571997600, "summary": "Partly Cloudy", "icon": "partly-cloudy-night", "precipIntensity": 0, "precipProbability": 0, "temperature": 51.14, "apparentTemperature": 51.14, "dewPoint": 44.78, "humidity": 0.79, "pressure": 1027.26, "windSpeed": 3.39, "windGust": 4.52, "windBearing": 258, "cloudCover": 0.27, "uvIndex": 0, "visibility": 10, "ozone": 255.4}, {"time": 1572001200, "summary": "Partly Cloudy", "icon": "partly-cloudy-night", "precipIntensity": 0, "precipProbability": 0, "temperature": 50.23, "apparentTemperature": 50.23, "dewPoint": 44.68, "humidity": 0.81, "pressure": 1026.88, "windSpeed": 3.47, "windGust": 5, "windBearing": 272, "cloudCover": 0.35, "uvIndex": 0, "visibility": 10, "ozone": 256}, {"time": 1572004800, "summary": "Partly Cloudy", "icon": "partly-cloudy-day", "precipIntensity": 0, "precipProbability": 0, "temperature": 50.73, "apparentTemperature": 50.73, "dewPoint": 44.46, "humidity": 0.79, "pressure": 1027.11, "windSpeed": 3.56, "windGust": 5.34, "windBearing": 276, "cloudCover": 0.46, "uvIndex": 0, "visibility": 10, "ozone": 256.4}, {"time": 1572008400, "summary": "Mostly Cloudy", "icon": "partly-cloudy-day", "precipIntensity": 0, "precipProbability": 0, "temperature": 52.89, "apparentTemperature": 52.89, "dewPoint": 44.59, "humidity": 0.73, "pressure": 1027.05, "windSpeed": 3.6, "windGust": 4.96, "windBearing": 273, "cloudCover": 0.61, "uvIndex": 1, "visibility": 10, "ozone": 257}, {"time": 1572012000, "summary": "Mostly Cloudy", "icon": "partly-cloudy-day", "precipIntensity": 0, "precipProbability": 0, "temperature": 56.26, "apparentTemperature": 56.26, "dewPoint": 44.62, "humidity": 0.65, "pressure": 1026.94, "windSpeed": 3.67, "windGust": 4.5, "windBearing": 264, "cloudCover": 0.78, "uvIndex": 2, "visibility": 10, "ozone": 257.6}, {"time": 1572015600, "summary": "Overcast", "icon": "cloudy", "precipIntensity": 0.0002, "precipProbability": 0.01, "precipType": "rain", "temperature": 59.33, "apparentTemperature": 59.33, "dewPoint": 44.71, "humidity": 0.58, "pressure": 1026.8, "windSpeed": 3.8, "windGust": 4.47, "windBearing": 252, "cloudCover": 0.92, "uvIndex": 2, "visibility": 10, "ozone": 258}, {"time": 1572019200, "summary": "Overcast", "icon": "cloudy", "precipIntensity": 0, "precipProbability": 0, "temperature": 61.56, "apparentTemperature": 61.56, "dewPoint": 45.03, "humidity": 0.55, "pressure": 1026.18, "windSpeed": 3.98, "windGust": 5.37, "windBearing": 230, "cloudCover": 0.96, "uvIndex": 3, "visibility": 10, "ozone": 258.3}, {"time": 1572022800, "summary": "Overcast", "icon": "cloudy", "precipIntensity": 0, "precipProbability": 0, "temperature": 63.66, "apparentTemperature": 63.66, "dewPoint": 45.63, "humidity": 0.52, "pressure": 1025.53, "windSpeed": 4.21, "windGust": 6.93, "windBearing": 204, "cloudCover": 0.98, "uvIndex": 3, "visibility": 10, "ozone": 258.7}, {"time": 1572026400, "summary": "Overcast", "icon": "cloudy", "precipIntensity": 0.0002, "precipProbability": 0.01, "precipType": "rain", "temperature": 65.07, "apparentTemperature": 65.07, "dewPoint": 46.33, "humidity": 0.51, "pressure": 1024.88, "windSpeed": 4.43, "windGust": 8.11, "windBearing": 190, "cloudCover": 0.99, "uvIndex": 3, "visibility": 10, "ozone": 259.2}, {"time": 1572030000, "summary": "Overcast", "icon": "cloudy", "precipIntensity": 0.0002, "precipProbability": 0.01, "precipType": "rain", "temperature": 65.53, "apparentTemperature": 65.53, "dewPoint": 46.94, "humidity": 0.51, "pressure": 1024.24, "windSpeed": 4.66, "windGust": 8.53, "windBearing": 193, "cloudCover": 0.99, "uvIndex": 2, "visibility": 10, "ozone": 259.7}]}, "daily": {"summary": "Rain today through Tuesday, with high temperatures peaking at 70\u00b0F on Tuesday.", "icon": "rain", "data": [{"time": 1571803200, "summary": "Clear throughout the day.", "icon": "rain", "sunriseTime": 1571829426, "sunsetTime": 1571868352, "moonPhase": 0.84, "precipIntensity": 0.0058, "precipIntensityMax": 0.0653, "precipIntensityMaxTime": 1571806800, "precipProbability": 1, "precipType": "rain", "temperatureHigh": 66.01, "temperatureHighTime": 1571853600, "temperatureLow": 48.11, "temperatureLowTime": 1571914800, "apparentTemperatureHigh": 65.34, "apparentTemperatureHighTime": 1571853600, "apparentTemperatureLow": 47.39, "apparentTemperatureLowTime": 1571914800, "dewPoint": 47.34, "humidity": 0.65, "pressure": 1014.16, "windSpeed": 8.03, "windGust": 20.35, "windGustTime": 1571868000, "windBearing": 279, "cloudCover": 0.25, "uvIndex": 4, "uvIndexTime": 1571850000, "visibility": 9.423, "ozone": 260.8, "temperatureMin": 54.1, "temperatureMinTime": 1571889600, "temperatureMax": 66.01, "temperatureMaxTime": 1571853600, "apparentTemperatureMin": 54.75, "apparentTemperatureMinTime": 1571889600, "apparentTemperatureMax": 65.34, "apparentTemperatureMaxTime": 1571853600}, {"time": 1571889600, "summary": "Clear throughout the day.", "icon": "clear-day", "sunriseTime": 1571915894, "sunsetTime": 1571954669, "moonPhase": 0.88, "precipIntensity": 0.0002, "precipIntensityMax": 0.0011, "precipIntensityMaxTime": 1571904000, "precipProbability": 0.05, "precipType": "rain", "temperatureHigh": 68.99, "temperatureHighTime": 1571947200, "temperatureLow": 49.58, "temperatureLowTime": 1572001200, "apparentTemperatureHigh": 68.32, "apparentTemperatureHighTime": 1571947200, "apparentTemperatureLow": 50.23, "apparentTemperatureLowTime": 1572001200, "dewPoint": 41.65, "humidity": 0.55, "pressure": 1026.27, "windSpeed": 6.29, "windGust": 18.59, "windGustTime": 1571972400, "windBearing": 231, "cloudCover": 0, "uvIndex": 4, "uvIndexTime": 1571936400, "visibility": 10, "ozone": 258, "temperatureMin": 48.11, "temperatureMinTime": 1571914800, "temperatureMax": 68.99, "temperatureMaxTime": 1571947200, "apparentTemperatureMin": 47.39, "apparentTemperatureMinTime": 1571914800, "apparentTemperatureMax": 68.32, "apparentTemperatureMaxTime": 1571947200}, {"time": 1571976000, "summary": "Mostly cloudy throughout the day.", "icon": "partly-cloudy-day", "sunriseTime": 1572002363, "sunsetTime": 1572040987, "moonPhase": 0.92, "precipIntensity": 0.0001, "precipIntensityMax": 0.0003, "precipIntensityMaxTime": 1572037200, "precipProbability": 0.07, "precipType": "rain", "temperatureHigh": 66.2, "temperatureHighTime": 1572030000, "temperatureLow": 49.09, "temperatureLowTime": 1572091200, "apparentTemperatureHigh": 65.53, "apparentTemperatureHighTime": 1572030000, "apparentTemperatureLow": 47.07, "apparentTemperatureLowTime": 1572091200, "dewPoint": 46.56, "humidity": 0.66, "pressure": 1025.36, "windSpeed": 4.56, "windGust": 17.7, "windGustTime": 1571976000, "windBearing": 240, "cloudCover": 0.57, "uvIndex": 3, "uvIndexTime": 1572022800, "visibility": 10, "ozone": 259.3, "temperatureMin": 49.58, "temperatureMinTime": 1572001200, "temperatureMax": 66.2, "temperatureMaxTime": 1572030000, "apparentTemperatureMin": 50.23, "apparentTemperatureMinTime": 1572001200, "apparentTemperatureMax": 65.53, "apparentTemperatureMaxTime": 1572030000}, {"time": 1572062400, "summary": "Mostly cloudy throughout the day.", "icon": "partly-cloudy-day", "sunriseTime": 1572088832, "sunsetTime": 1572127306, "moonPhase": 0.96, "precipIntensity": 0.0013, "precipIntensityMax": 0.0077, "precipIntensityMaxTime": 1572148800, "precipProbability": 0.12, "precipType": "rain", "temperatureHigh": 62.52, "temperatureHighTime": 1572120000, "temperatureLow": 54.59, "temperatureLowTime": 1572141600, "apparentTemperatureHigh": 61.85, "apparentTemperatureHighTime": 1572120000, "apparentTemperatureLow": 55.24, "apparentTemperatureLowTime": 1572141600, "dewPoint": 44.43, "humidity": 0.66, "pressure": 1024.29, "windSpeed": 5.94, "windGust": 20.07, "windGustTime": 1572148800, "windBearing": 22, "cloudCover": 0.56, "uvIndex": 3, "uvIndexTime": 1572109200, "visibility": 10, "ozone": 267.6, "temperatureMin": 49.09, "temperatureMinTime": 1572091200, "temperatureMax": 62.52, "temperatureMaxTime": 1572120000, "apparentTemperatureMin": 47.07, "apparentTemperatureMinTime": 1572091200, "apparentTemperatureMax": 61.85, "apparentTemperatureMaxTime": 1572120000}, {"time": 1572148800, "summary": "Rain until evening.", "icon": "rain", "sunriseTime": 1572175301, "sunsetTime": 1572213626, "moonPhase": 1, "precipIntensity": 0.033, "precipIntensityMax": 0.1238, "precipIntensityMaxTime": 1572199200, "precipProbability": 0.98, "precipType": "rain", "temperatureHigh": 67.27, "temperatureHighTime": 1572206400, "temperatureLow": 57.69, "temperatureLowTime": 1572264000, "apparentTemperatureHigh": 67.13, "apparentTemperatureHighTime": 1572206400, "apparentTemperatureLow": 58.34, "apparentTemperatureLowTime": 1572264000, "dewPoint": 57.69, "humidity": 0.84, "pressure": 1016.2, "windSpeed": 11.29, "windGust": 35.54, "windGustTime": 1572188400, "windBearing": 160, "cloudCover": 0.85, "uvIndex": 3, "uvIndexTime": 1572195600, "visibility": 9.477, "ozone": 256.6, "temperatureMin": 55.13, "temperatureMinTime": 1572148800, "temperatureMax": 67.27, "temperatureMaxTime": 1572206400, "apparentTemperatureMin": 55.78, "apparentTemperatureMinTime": 1572148800, "apparentTemperatureMax": 67.13, "apparentTemperatureMaxTime": 1572206400}, {"time": 1572235200, "summary": "Light rain in the morning and overnight.", "icon": "rain", "sunriseTime": 1572261770, "sunsetTime": 1572299948, "moonPhase": 0.03, "precipIntensity": 0.0007, "precipIntensityMax": 0.0119, "precipIntensityMaxTime": 1572321600, "precipProbability": 0.48, "precipType": "rain", "temperatureHigh": 68.85, "temperatureHighTime": 1572289200, "temperatureLow": 59.66, "temperatureLowTime": 1572318000, "apparentTemperatureHigh": 68.18, "apparentTemperatureHighTime": 1572289200, "apparentTemperatureLow": 60.32, "apparentTemperatureLowTime": 1572318000, "dewPoint": 57.12, "humidity": 0.82, "pressure": 1015.3, "windSpeed": 5.81, "windGust": 21.79, "windGustTime": 1572321600, "windBearing": 30, "cloudCover": 0.33, "uvIndex": 3, "uvIndexTime": 1572282000, "visibility": 9.888, "ozone": 249.8, "temperatureMin": 57.69, "temperatureMinTime": 1572264000, "temperatureMax": 68.85, "temperatureMaxTime": 1572289200, "apparentTemperatureMin": 58.34, "apparentTemperatureMinTime": 1572264000, "apparentTemperatureMax": 68.18, "apparentTemperatureMaxTime": 1572289200}, {"time": 1572321600, "summary": "Light rain in the morning.", "icon": "rain", "sunriseTime": 1572348240, "sunsetTime": 1572386271, "moonPhase": 0.07, "precipIntensity": 0.0082, "precipIntensityMax": 0.0513, "precipIntensityMaxTime": 1572328800, "precipProbability": 0.89, "precipType": "rain", "temperatureHigh": 71.09, "temperatureHighTime": 1572379200, "temperatureLow": 48.63, "temperatureLowTime": 1572436800, "apparentTemperatureHigh": 70.42, "apparentTemperatureHighTime": 1572379200, "apparentTemperatureLow": 45.28, "apparentTemperatureLowTime": 1572436800, "dewPoint": 54.96, "humidity": 0.74, "pressure": 1017.39, "windSpeed": 7.78, "windGust": 24.01, "windGustTime": 1572328800, "windBearing": 354, "cloudCover": 0.65, "uvIndex": 3, "uvIndexTime": 1572364800, "visibility": 9.058, "ozone": 249.1, "temperatureMin": 57.08, "temperatureMinTime": 1572408000, "temperatureMax": 71.09, "temperatureMaxTime": 1572379200, "apparentTemperatureMin": 57.73, "apparentTemperatureMinTime": 1572408000, "apparentTemperatureMax": 70.42, "apparentTemperatureMaxTime": 1572379200}, {"time": 1572408000, "summary": "Clear throughout the day.", "icon": "clear-day", "sunriseTime": 1572434710, "sunsetTime": 1572472595, "moonPhase": 0.11, "precipIntensity": 0.0002, "precipIntensityMax": 0.0006, "precipIntensityMaxTime": 1572494400, "precipProbability": 0.06, "precipType": "rain", "temperatureHigh": 58.1, "temperatureHighTime": 1572462000, "temperatureLow": 50.01, "temperatureLowTime": 1572519600, "apparentTemperatureHigh": 57.43, "apparentTemperatureHighTime": 1572462000, "apparentTemperatureLow": 50.66, "apparentTemperatureLowTime": 1572519600, "dewPoint": 40.32, "humidity": 0.6, "pressure": 1021.57, "windSpeed": 9.38, "windGust": 28.43, "windGustTime": 1572418800, "windBearing": 358, "cloudCover": 0, "uvIndex": 4, "uvIndexTime": 1572454800, "visibility": 10, "ozone": 283.3, "temperatureMin": 48.63, "temperatureMinTime": 1572436800, "temperatureMax": 58.4, "temperatureMaxTime": 1572408000, "apparentTemperatureMin": 45.28, "apparentTemperatureMinTime": 1572436800, "apparentTemperatureMax": 57.73, "apparentTemperatureMaxTime": 1572408000}]}, "flags": {"sources": ["nwspa", "cmc", "gfs", "hrrr", "icon", "isd", "madis", "nam", "sref", "darksky", "nearest-precip"], "nearest-station": 0.816, "units": "us"}, "offset": -4}