{"lat": 40.71, "lon": -74.01, "timezone": "America/New_York", "timezone_offset": -14400, "current": {"dt": 1591674806, "sunrise": 1591608296, "sunset": 1591662343, "temp": 294.18, "feels_like": 293.46, "pressure": 1015, "humidity": 60, "dew_point": 286.13, "uvi": 10.65, "clouds": 1, "visibility": 16093, "wind_speed": 2.34, "wind_deg": 310, "weather": [{"id": 800, "main": "Clear", "description": "clear sky", "icon": "01n"}]}, "minutely": [{"dt": 1591674840, "precipitation": 0}, {"dt": 1591674900, "precipitation": 0}, {"dt": 1591674960, "precipitation": 0}, {"dt": 1591675020, "precipitation": 0}, {"dt": 1591675080, "precipitation": 0}, {"dt": 1591675140, "precipitation": 0}, {"dt": 1591675200, "precipitation": 0}, {"dt": 1591675260, "precipitation": 0}, {"dt": 1591675320, "precipitation": 0}, {"dt": 1591675380, "precipitation": 0}, {"dt": 1591675440, "precipitation": 0}, {"dt": 1591675500, "precipitation": 0}, {"dt": 1591675560, "precipitation": 0}, {"dt": 1591675620, "precipitation": 0}, {"dt": 1591675680, "precipitation": 0}, {"dt": 1591675740, "precipitation": 0}, {"dt": 1591675800, "precipitation": 0}, {"dt": 1591675860, "precipitation": 0}, {"dt": 1591675920, "precipitation": 0}, {"dt": 1591675980, "precipitation": 0}, {"dt": 1591676040, "precipitation": 0}, {"dt": 1591676100, "precipitation": 0}, {"dt": 1591676160, "precipitation": 0}, {"dt": 1591676220, "precipitation": 0}, {"dt": 1591676280, "precipitation": 0}, {"dt": 1591676340, "precipitation": 0}, {"dt": 1591676400, "precipitation": 0}, {"dt": 1591676460, "precipitation": 0}, {"dt": 1591676520, "precipitation": 0}, {"dt": 1591676580, "precipitation": 0}, {"dt": 1591676640, "precipitation": 0}, {"dt": 1591676700, "precipitation": 0}, {"dt": 1591676760, "precipitation": 0}, {"dt": 1591676820, "precipitation": 0}, {"dt": 1591676880, "precipitation": 0}, {"dt": 1591676940, "precipitation": 0}, {"dt": 1591677000, "precipitation": 0}, {"dt": 1591677060, "precipitation": 0}, {"dt": 1591677120, "precipitation": 0}, {"dt": 1591677180, "precipitation": 0}, {"dt": 1591677240, "precipitation": 0}, {"dt": 1591677300, "precipitation": 0}, {"dt": 1591677360, "precipitation": 0}, {"dt": 1591677420, "precipitation": 0}, {"dt": 1591677480, "precipitation": 0}, {"dt": 1591677540, "precipitation": 0}, {"dt": 1591677600, "precipitation": 0}, {"dt": 1591677660, "precipitation": 0}, {"dt": 1591677720, "precipitation": 0}, {"dt": 1591677780, "precipitation": 0}, {"dt": 1591677840, "precipitation": 0}, {"dt": 1591677900, "precipitation": 0}, {"dt": 1591677960, "precipitation": 0}, {"dt": 1591678020, "precipitation": 0}, {"dt": 1591678080, "precipitation": 0}, {"dt": 1591678140, "precipitation": 0}, {"dt": 1591678200, "precipitation": 0}, {"dt": 1591678260, "precipitation": 0}, {"dt": 1591678320, "precipitation": 0}, {"dt": 1591678380, "precipitation": 0}, {"dt": 1591678440, "precipitation": 0}], "hourly": [{"dt": 1591671600, "temp": 294.18, "feels_like": 293.46, "pressure": 1015, "humidity": 60, "dew_point": 286.13, "clouds": 1, "wind_speed": 2.34, "wind_deg": 310, "weather": [{"id": 800, "main": "Clear", "description": "clear sky", "icon": "01n"}]}, {"dt": 1591675200, "temp": 294.6, "feels_like": 293.93, "pressure": 1015, "humidity": 53, "dew_point": 284.63, "clouds": 27, "wind_speed": 1.61, "wind_deg": 295, "weather": [{"id": 802, "main": "Clouds", "description": "scattered clouds", "icon": "03n"}]}, {"dt": 1591678800, "temp": 294.41, "feels_like": 293.51, "pressure": 1016, "humidity": 52, "dew_point": 284.17, "clouds": 34, "wind_speed": 1.75, "wind_deg": 279, "weather": [{"id": 802, "main": "Clouds", "description": "scattered clouds", "icon": "03n"}]}, {"dt": 1591682400, "temp": 294.13, "feels_like": 292.9, "pressure": 1016, "humidity": 52, "dew_point": 283.91, "clouds": 34, "wind_speed": 2.11, "wind_deg": 288, "weather": [{"id": 802, "main": "Clouds", "description": "scattered clouds", "icon": "03n"}]}, {"dt": 1591686000, "temp": 293.7, "feels_like": 292.51, "pressure": 1016, "humidity": 55, "dew_point": 284.36, "clouds": 68, "wind_speed": 2.24, "wind_deg": 291, "weather": [{"id": 803, "main": "Clouds", "description": "broken clouds", "icon": "04n"}]}, {"dt": 1591689600, "temp": 293.28, "feels_like": 292.32, "pressure": 1016, "humidity": 58, "dew_point": 284.89, "clouds": 51, "wind_speed": 2.09, "wind_deg": 286, "weather": [{"id": 803, "main": "Clouds", "description": "broken clouds", "icon": "04n"}]}, {"dt": 1591693200, "temp": 292.94, "feels_like": 291.68, "pressure": 1015, "humidity": 59, "dew_point": 284.82, "clouds": 33, "wind_speed": 2.49, "wind_deg": 302, "weather": [{"id": 802, "main": "Clouds", "description": "scattered clouds", "icon": "03n"}]}, {"dt": 1591696800, "temp": 292.73, "feels_like": 291.5, "pressure": 1016, "humidity": 58, "dew_point": 284.36, "clouds": 25, "wind_speed": 2.25, "wind_deg": 291, "weather": [{"id": 802, "main": "Clouds", "description": "scattered clouds", "icon": "03d"}]}, {"dt": 1591700400, "temp": 293.32, "feels_like": 291.87, "pressure": 1016, "humidity": 54, "dew_point": 283.98, "clouds": 20, "wind_speed": 2.35, "wind_deg": 280, "weather": [{"id": 801, "main": "Clouds", "description": "few clouds", "icon": "02d"}]}, {"dt": 1591704000, "temp": 294.59, "feels_like": 293.09, "pressure": 1016, "humidity": 50, "dew_point": 283.82, "clouds": 17, "wind_speed": 2.44, "wind_deg": 266, "weather": [{"id": 801, "main": "Clouds", "description": "few clouds", "icon": "02d"}]}, {"dt": 1591707600, "temp": 296.18, "feels_like": 294.5, "pressure": 1016, "humidity": 45, "dew_point": 283.72, "clouds": 0, "wind_speed": 2.64, "wind_deg": 249, "weather": [{"id": 800, "main": "Clear", "description": "clear sky", "icon": "01d"}]}, {"dt": 1591711200, "temp": 297.94, "feels_like": 295.8, "pressure": 1015, "humidity": 40, "dew_point": 283.62, "clouds": 0, "wind_speed": 3.22, "wind_deg": 257, "weather": [{"id": 800, "main": "Clear", "description": "clear sky", "icon": "01d"}]}, {"dt": 1591714800, "temp": 299.64, "feels_like": 297.26, "pressure": 1014, "humidity": 38, "dew_point": 284.24, "clouds": 0, "wind_speed": 3.86, "wind_deg": 245, "weather": [{"id": 800, "main": "Clear", "description": "clear sky", "icon": "01d"}]}, {"dt": 1591718400, "temp": 301.03, "feels_like": 298.85, "pressure": 1014, "humidity": 37, "dew_point": 285.12, "clouds": 0, "wind_speed": 3.92, "wind_deg": 248, "weather": [{"id": 800, "main": "Clear", "description": "clear sky", "icon": "01d"}]}, {"dt": 1591722000, "temp": 302.23, "feels_like": 300.01, "pressure": 1014, "humidity": 35, "dew_point": 285.65, "clouds": 0, "wind_speed": 4.07, "wind_deg": 245, "weather": [{"id": 800, "main": "Clear", "description": "clear sky", "icon": "01d"}]}, {"dt": 1591725600, "temp": 303.06, "feels_like": 301.18, "pressure": 1014, "humidity": 35, "dew_point": 286.09, "clouds": 0, "wind_speed": 3.92, "wind_deg": 233, "weather": [{"id": 800, "main": "Clear", "description": "clear sky", "icon": "01d"}]}, {"dt": 1591729200, "temp": 303.31, "feels_like": 301.08, "pressure": 1013, "humidity": 35, "dew_point": 286.58, "clouds": 0, "wind_speed": 4.52, "wind_deg": 224, "weather": [{"id": 800, "main": "Clear", "description": "clear sky", "icon": "01d"}]}, {"dt": 1591732800, "temp": 303.7, "feels_like": 301.35, "pressure": 1012, "humidity": 36, "dew_point": 287.01, "clouds": 0, "wind_speed": 5.05, "wind_deg": 231, "weather": [{"id": 800, "main": "Clear", "description": "clear sky", "icon": "01d"}]}, {"dt": 1591736400, "temp": 303.8, "feels_like": 301.11, "pressure": 1012, "humidity": 36, "dew_point": 287.12, "clouds": 0, "wind_speed": 5.58, "wind_deg": 243, "weather": [{"id": 800, "main": "Clear", "description": "clear sky", "icon": "01d"}]}, {"dt": 1591740000, "temp": 303.38, "feels_like": 301.02, "pressure": 1012, "humidity": 38, "dew_point": 287.68, "clouds": 0, "wind_speed": 5.34, "wind_deg": 251, "weather": [{"id": 800, "main": "Clear", "description": "clear sky", "icon": "01d"}]}, {"dt": 1591743600, "temp": 302.83, "feels_like": 301.18, "pressure": 1012, "humidity": 42, "dew_point": 288.67, "clouds": 0, "wind_speed": 4.86, "wind_deg": 251, "weather": [{"id": 800, "main": "Clear", "description": "clear sky", "icon": "01d"}]}, {"dt": 1591747200, "temp": 301.89, "feels_like": 300.9, "pressure": 1013, "humidity": 47, "dew_point": 289.63, "clouds": 0, "wind_speed": 4.42, "wind_deg": 245, "weather": [{"id": 800, "main": "Clear", "description": "clear sky", "icon": "01d"}]}, {"dt": 1591750800, "temp": 300.71, "feels_like": 300.05, "pressure": 1013, "humidity": 53, "dew_point": 290.46, "clouds": 89, "wind_speed": 4.41, "wind_deg": 234, "weather": [{"id": 804, "main": "Clouds", "description": "overcast clouds", "icon": "04n"}]}, {"dt": 1591754400, "temp": 299.81, "feels_like": 299.5, "pressure": 1014, "humidity": 58, "dew_point": 290.94, "clouds": 76, "wind_speed": 4.26, "wind_deg": 228, "weather": [{"id": 803, "main": "Clouds", "description": "broken clouds", "icon": "04n"}]}, {"dt": 1591758000, "temp": 299.05, "feels_like": 298.56, "pressure": 1014, "humidity": 61, "dew_point": 290.97, "clouds": 83, "wind_speed": 4.57, "wind_deg": 227, "weather": [{"id": 803, "main": "Clouds", "description": "broken clouds", "icon": "04n"}]}, {"dt": 1591761600, "temp": 298.21, "feels_like": 297.42, "pressure": 1014, "humidity": 61, "dew_point": 290.37, "clouds": 86, "wind_speed": 4.53, "wind_deg": 221, "weather": [{"id": 804, "main": "Clouds", "description": "overcast clouds", "icon": "04n"}]}, {"dt": 1591765200, "temp": 297.5, "feels_like": 297.07, "pressure": 1014, "humidity": 64, "dew_point": 290.32, "clouds": 90, "wind_speed": 4.06, "wind_deg": 220, "weather": [{"id": 804, "main": "Clouds", "description": "overcast clouds", "icon": "04n"}]}, {"dt": 1591768800, "temp": 296.93, "feels_like": 297.29, "pressure": 1014, "humidity": 68, "dew_point": 290.84, "clouds": 90, "wind_speed": 3.19, "wind_deg": 223, "weather": [{"id": 804, "main": "Clouds", "description": "overcast clouds", "icon": "04n"}]}, {"dt": 1591772400, "temp": 296.67, "feels_like": 297.71, "pressure": 1014, "humidity": 71, "dew_point": 291.17, "clouds": 100, "wind_speed": 2.47, "wind_deg": 228, "weather": [{"id": 804, "main": "Clouds", "description": "overcast clouds", "icon": "04n"}]}, {"dt": 1591776000, "temp": 296.41, "feels_like": 297.98, "pressure": 1014, "humidity": 73, "dew_point": 291.35, "clouds": 100, "wind_speed": 1.83, "wind_deg": 224, "weather": [{"id": 804, "main": "Clouds", "description": "overcast clouds", "icon": "04n"}]}, {"dt": 1591779600, "temp": 296.14, "feels_like": 297.91, "pressure": 1014, "humidity": 75, "dew_point": 291.58, "clouds": 100, "wind_speed": 1.65, "wind_deg": 215, "weather": [{"id": 804, "main": "Clouds", "description": "overcast clouds", "icon": "04n"}]}, {"dt": 1591783200, "temp": 295.98, "feels_like": 298.17, "pressure": 1014, "humidity": 76, "dew_point": 291.74, "clouds": 100, "wind_speed": 1.09, "wind_deg": 220, "weather": [{"id": 500, "main": "Rain", "description": "light rain", "icon": "10d"}], "rain": {"1h": 0.33}}, {"dt": 1591786800, "temp": 296.42, "feels_like": 298.91, "pressure": 1015, "humidity": 75, "dew_point": 291.82, "clouds": 100, "wind_speed": 0.79, "wind_deg": 136, "weather": [{"id": 500, "main": "Rain", "description": "light rain", "icon": "10d"}], "rain": {"1h": 0.17}}, {"dt": 1591790400, "temp": 297.21, "feels_like": 298.99, "pressure": 1015, "humidity": 71, "dew_point": 291.79, "clouds": 97, "wind_speed": 1.74, "wind_deg": 108, "weather": [{"id": 804, "main": "Clouds", "description": "overcast clouds", "icon": "04d"}]}, {"dt": 1591794000, "temp": 298.23, "feels_like": 299.42, "pressure": 1015, "humidity": 66, "dew_point": 291.61, "clouds": 44, "wind_speed": 2.46, "wind_deg": 116, "weather": [{"id": 802, "main": "Clouds", "description": "scattered clouds", "icon": "03d"}]}, {"dt": 1591797600, "temp": 299.31, "feels_like": 300.05, "pressure": 1015, "humidity": 63, "dew_point": 291.83, "clouds": 53, "wind_speed": 3.28, "wind_deg": 127, "weather": [{"id": 803, "main": "Clouds", "description": "broken clouds", "icon": "04d"}]}, {"dt": 1591801200, "temp": 300.12, "feels_like": 300.2, "pressure": 1015, "humidity": 61, "dew_point": 292.16, "clouds": 55, "wind_speed": 4.38, "wind_deg": 140, "weather": [{"id": 803, "main": "Clouds", "description": "broken clouds", "icon": "04d"}]}, {"dt": 1591804800, "temp": 299.84, "feels_like": 299.17, "pressure": 1015, "humidity": 63, "dew_point": 292.33, "clouds": 63, "wind_speed": 5.61, "wind_deg": 153, "weather": [{"id": 803, "main": "Clouds", "description": "broken clouds", "icon": "04d"}]}, {"dt": 1591808400, "temp": 299.62, "feels_like": 298.61, "pressure": 1015, "humidity": 64, "dew_point": 292.37, "clouds": 68, "wind_speed": 6.12, "wind_deg": 153, "weather": [{"id": 501, "main": "Rain", "description": "moderate rain", "icon": "10d"}], "rain": {"1h": 1.12}}, {"dt": 1591812000, "temp": 297.36, "feels_like": 296.37, "pressure": 1014, "humidity": 72, "dew_point": 292.13, "clouds": 74, "wind_speed": 5.93, "wind_deg": 147, "weather": [{"id": 501, "main": "Rain", "description": "moderate rain", "icon": "10d"}], "rain": {"1h": 1.5}}, {"dt": 1591815600, "temp": 299.03, "feels_like": 297.46, "pressure": 1014, "humidity": 66, "dew_point": 292.33, "clouds": 80, "wind_speed": 6.88, "wind_deg": 153, "weather": [{"id": 501, "main": "Rain", "description": "moderate rain", "icon": "10d"}], "rain": {"1h": 1.99}}, {"dt": 1591819200, "temp": 299.3, "feels_like": 297.85, "pressure": 1014, "humidity": 66, "dew_point": 292.56, "clouds": 89, "wind_speed": 6.87, "wind_deg": 162, "weather": [{"id": 501, "main": "Rain", "description": "moderate rain", "icon": "10d"}], "rain": {"1h": 2.02}}, {"dt": 1591822800, "temp": 299.1, "feels_like": 297.92, "pressure": 1013, "humidity": 67, "dew_point": 292.61, "clouds": 91, "wind_speed": 6.52, "wind_deg": 159, "weather": [{"id": 501, "main": "Rain", "description": "moderate rain", "icon": "10d"}], "rain": {"1h": 1.2}}, {"dt": 1591826400, "temp": 298.78, "feels_like": 297.22, "pressure": 1013, "humidity": 68, "dew_point": 292.59, "clouds": 93, "wind_speed": 7.03, "wind_deg": 165, "weather": [{"id": 500, "main": "Rain", "description": "light rain", "icon": "10d"}], "rain": {"1h": 0.18}}, {"dt": 1591830000, "temp": 298.74, "feels_like": 297.01, "pressure": 1014, "humidity": 69, "dew_point": 292.74, "clouds": 92, "wind_speed": 7.39, "wind_deg": 171, "weather": [{"id": 804, "main": "Clouds", "description": "overcast clouds", "icon": "04d"}]}, {"dt": 1591833600, "temp": 298.33, "feels_like": 296.76, "pressure": 1014, "humidity": 71, "dew_point": 292.86, "clouds": 93, "wind_speed": 7.21, "wind_deg": 175, "weather": [{"id": 500, "main": "Rain", "description": "light rain", "icon": "10d"}], "rain": {"1h": 0.38}}, {"dt": 1591837200, "temp": 297.93, "feels_like": 297, "pressure": 1014, "humidity": 74, "dew_point": 293.18, "clouds": 99, "wind_speed": 6.49, "wind_deg": 181, "weather": [{"id": 501, "main": "Rain", "description": "moderate rain", "icon": "10n"}], "rain": {"1h": 1.3}}, {"dt": 1591840800, "temp": 297.43, "feels_like": 296.85, "pressure": 1014, "humidity": 77, "dew_point": 293.19, "clouds": 96, "wind_speed": 6.09, "wind_deg": 184, "weather": [{"id": 501, "main": "Rain", "description": "moderate rain", "icon": "10n"}], "rain": {"1h": 1.04}}], "daily": [{"dt": 1591632000, "sunrise": 1591608296, "sunset": 1591662343, "temp": {"day": 294.18, "min": 294.18, "max": 294.18, "night": 294.18, "eve": 294.18, "morn": 294.18}, "feels_like": {"day": 293.46, "night": 293.46, "eve": 293.46, "morn": 293.46}, "pressure": 1015, "humidity": 60, "dew_point": 286.13, "wind_speed": 2.34, "wind_deg": 310, "weather": [{"id": 800, "main": "Clear", "description": "clear sky", "icon": "01n"}], "clouds": 1, "uvi": 10.65}, {"dt": 1591718400, "sunrise": 1591694685, "sunset": 1591748776, "temp": {"day": 299.6, "min": 293.21, "max": 303.8, "night": 299.05, "eve": 303.8, "morn": 293.21}, "feels_like": {"day": 297.21, "night": 298.56, "eve": 301.11, "morn": 292.02}, "pressure": 1014, "humidity": 38, "dew_point": 284.15, "wind_speed": 3.86, "wind_deg": 245, "weather": [{"id": 800, "main": "Clear", "description": "clear sky", "icon": "01d"}], "clouds": 0, "uvi": 10.02}, {"dt": 1591804800, "sunrise": 1591781076, "sunset": 1591835208, "temp": {"day": 300.12, "min": 296.14, "max": 300.12, "night": 297.07, "eve": 299.1, "morn": 296.14}, "feels_like": {"day": 300.2, "night": 296.6, "eve": 297.92, "morn": 297.91}, "pressure": 1015, "humidity": 61, "dew_point": 292.16, "wind_speed": 4.38, "wind_deg": 140, "weather": [{"id": 501, "main": "Rain", "description": "moderate rain", "icon": "10d"}], "clouds": 55, "rain": 11.88, "uvi": 10.7}, {"dt": 1591891200, "sunrise": 1591867470, "sunset": 1591921638, "temp": {"day": 300.66, "min": 296.51, "max": 302.12, "night": 298.28, "eve": 302.12, "morn": 296.51}, "feels_like": {"day": 300.38, "night": 297.87, "eve": 300.09, "morn": 297.01}, "pressure": 1014, "humidity": 60, "dew_point": 292.37, "wind_speed": 5.04, "wind_deg": 250, "weather": [{"id": 501, "main": "Rain", "description": "moderate rain", "icon": "10d"}], "clouds": 97, "rain": 9.76, "uvi": 9.73}, {"dt": 1591977600, "sunrise": 1591953865, "sunset": 1592008066, "temp": {"day": 300.54, "min": 295.31, "max": 302.68, "night": 298.56, "eve": 302.68, "morn": 295.31}, "feels_like": {"day": 300.18, "night": 296.4, "eve": 298.66, "morn": 296.01}, "pressure": 1017, "humidity": 37, "dew_point": 284.73, "wind_speed": 1.14, "wind_deg": 275, "weather": [{"id": 800, "main": "Clear", "description": "clear sky", "icon": "01d"}], "clouds": 0, "uvi": 8.52}, {"dt": 1592064000, "sunrise": 1592040262, "sunset": 1592094493, "temp": {"day": 295.55, "min": 292.71, "max": 298.54, "night": 293.24, "eve": 298.54, "morn": 294.01}, "feels_like": {"day": 291.88, "night": 288.81, "eve": 295.13, "morn": 292.61}, "pressure": 1016, "humidity": 42, "dew_point": 282.17, "wind_speed": 4.88, "wind_deg": 322, "weather": [{"id": 800, "main": "Clear", "description": "clear sky", "icon": "01d"}], "clouds": 1, "uvi": 8.04}, {"dt": 1592150400, "sunrise": 1592126661, "sunset": 1592180917, "temp": {"day": 295.11, "min": 290.38, "max": 298.12, "night": 293.72, "eve": 296.06, "morn": 290.38}, "feels_like": {"day": 292.49, "night": 292.05, "eve": 293.41, "morn": 286.6}, "pressure": 1023, "humidity": 38, "dew_point": 280.43, "wind_speed": 2.74, "wind_deg": 25, "weather": [{"id": 800, "main": "Clear", "description": "clear sky", "icon": "01d"}], "clouds": 2, "uvi": 8.09}, {"dt": 1592236800, "sunrise": 1592213062, "sunset": 1592267341, "temp": {"day": 295.06, "min": 291.22, "max": 297.27, "night": 293.58, "eve": 296.52, "morn": 291.22}, "feels_like": {"day": 290.77, "night": 291.25, "eve": 293.02, "morn": 288.63}, "pressure": 1027, "humidity": 39, "dew_point": 280.72, "wind_speed": 5.24, "wind_deg": 61, "weather": [{"id": 802, "main": "Clouds", "description": "scattered clouds", "icon": "03d"}], "clouds": 49, "uvi": 8.82}]}